epoch,train_loss,train_mse,train_tokens,val_loss,val_mse,val_tokens,best_val_loss,elapsed_sec,checkpoint_improved
0,0.6637314130820843,0.967586986394071,1835541,0.6592681107719041,0.9599026675076112,274276,0.6592681107719041,410.99516677856445,True
1,0.6534589982571443,0.9449590767328695,1835541,0.6564108529635772,0.953237740624827,274276,0.6564108529635772,412.0895137786865,True
2,0.6493555312877624,0.9357336445350802,1835541,0.6526341612079127,0.9453470722303959,274276,0.6526341612079127,411.00371646881104,True
3,0.6463604004678057,0.9290895200494326,1835541,0.650290812242017,0.9404369556066215,274276,0.650290812242017,411.5543315410614,True
4,0.6441024714290443,0.9241187110111456,1835541,0.6494999472358003,0.9387582334663569,274276,0.6494999472358003,410.7969856262207,True
5,0.6423580537077949,0.920371501626133,1835541,0.6485303104026805,0.935678928515481,274276,0.6485303104026805,412.2076663970947,True
6,0.6407128941434802,0.9168607310470527,1835541,0.6494349563152133,0.9386522323829776,274276,0.6485303104026805,427.8239414691925,False
7,0.639442104249246,0.9142054288520479,1835541,0.647085511655319,0.9333250890447436,274276,0.647085511655319,453.44024300575256,True
8,0.6379477927294284,0.9110597457590923,1835541,0.6489437379267963,0.9372852203458076,274276,0.647085511655319,464.56500148773193,False
9,0.6368931827060242,0.9088940034613853,1835541,0.6478991957037763,0.9356021528468706,274276,0.647085511655319,446.6426203250885,False
10,0.6354759531441492,0.9059977088112721,1835541,0.64812149747996,0.9364806378788633,274276,0.647085511655319,654.2123048305511,False
11,0.6343162226987548,0.9036398145239825,1835541,0.6468281051813256,0.9335680941855704,274276,0.6468281051813256,591.7070910930634,True
12,0.6330139278907222,0.9010336038969795,1835541,0.6467279878265181,0.9330047471876485,274276,0.6467279878265181,739.363614320755,True
13,0.631592711816466,0.8981962094232435,1835541,0.6459634582031119,0.9306653664729756,274276,0.6459634582031119,643.9745650291443,True
14,0.6303051449209638,0.8956777252168573,1835541,0.6455155182932708,0.9304448266301804,274276,0.6455155182932708,849.4901897907257,True
15,0.6289006637216656,0.8929359528391164,1835541,0.646322393262651,0.9329210954697063,274276,0.6455155182932708,905.4422042369843,False
16,0.6277142600734619,0.8906958699436477,1835541,0.6457695334066008,0.9320405977793417,274276,0.6455155182932708,934.8730621337891,False
17,0.6263248326601059,0.8880601405352557,1835541,0.6455554640836499,0.9315667350455993,274276,0.6455155182932708,543.6167216300964,False
18,0.6251609436805596,0.8859119276670673,1835541,0.6481649361895363,0.9382119880188573,274276,0.6455155182932708,517.9629981517792,False
19,0.6235716004017461,0.8829028276529696,1835541,0.6476012608412491,0.9367718047155349,274276,0.6455155182932708,586.3707847595215,False
20,0.6220522223730687,0.8801089641995264,1835541,0.6482089089582598,0.9388168801450363,274276,0.6455155182932708,603.7900340557098,False
21,0.6204530518468147,0.8771282067057377,1835541,0.647198168676828,0.9365379764044881,274276,0.6455155182932708,570.0362749099731,False
22,0.6189260596057112,0.8742804563840605,1835541,0.6489857848347982,0.9415886325321855,274276,0.6455155182932708,468.72247314453125,False
23,0.6172307143636542,0.8710820475043132,1835541,0.6495099252364465,0.9430098236917565,274276,0.6455155182932708,440.05720353126526,False
24,0.6154307452707872,0.8676975988338452,1835541,0.6501237988524358,0.9444269965380357,274276,0.6455155182932708,440.34026527404785,False
25,0.61359255650903,0.8642366525386217,1835541,0.6513154854745824,0.9479723881798257,274276,0.6455155182932708,440.76593804359436,False
26,0.6117991981505654,0.8608717976457839,1835541,0.6531620932908575,0.9531347135738698,274276,0.6455155182932708,432.44790530204773,False
27,0.6097794736702633,0.8570566044448067,1835541,0.6536536535807234,0.9548567974264822,274276,0.6455155182932708,432.5898497104645,False
28,0.607774535389596,0.8532460799148985,1835541,0.6543361197318068,0.9564074666804439,274276,0.6455155182932708,440.96148014068604,False
29,0.6057487507824748,0.849407329383655,1835541,0.6559060067007941,0.9608428062032448,274276,0.6455155182932708,437.42637968063354,False
30,0.6036077181644693,0.8453026663357489,1835541,0.6578450900401166,0.9662086867671476,274276,0.6455155182932708,434.62329959869385,False
31,0.6013841853042933,0.8410023354282058,1835541,0.6591483565695611,0.9701221297885978,274276,0.6455155182932708,437.31093430519104,False
32,0.5991248768844293,0.8366278105097735,1835541,0.65868036272147,0.968864074868659,274276,0.6455155182932708,438.9561369419098,False
33,0.5967356850659021,0.8319355717575214,1835541,0.6625005039670117,0.9793083765406205,274276,0.6455155182932708,437.00308775901794,False
34,0.594320412126833,0.8272404560456509,1835541,0.663900926995598,0.9830307411940897,274276,0.6455155182932708,434.5409905910492,False
35,0.5921507826422813,0.8229362905900649,1835541,0.6637182096324581,0.9828807903958778,274276,0.6455155182932708,436.5961844921112,False
36,0.5894810118926301,0.8177203542608342,1835541,0.666443326427026,0.9902876958990526,274276,0.6455155182932708,437.94138765335083,False
37,0.5870951952921905,0.8130207073272593,1835541,0.6674302483599333,0.9932446413157321,274276,0.6455155182932708,438.3716883659363,False
38,0.5846801916876841,0.8082454810030923,1835541,0.6685228671242763,0.9958555032618047,274276,0.6455155182932708,438.3372173309326,False
39,0.582237813979499,0.80342606312981,1835541,0.6697727201707541,0.9995128799702904,274276,0.6455155182932708,435.54813265800476,False
40,0.579696787460419,0.7983882812538414,1835541,0.6725867678070376,1.006922562492365,274276,0.6455155182932708,441.27941036224365,False
41,0.5773279992162784,0.7936588021955402,1835541,0.6735873893375991,1.0100798422303654,274276,0.6455155182932708,440.98245549201965,False
42,0.5747365363959822,0.7885178560928747,1835541,0.674156368316636,1.0120828970196463,274276,0.6455155182932708,434.8820402622223,False
43,0.5723233757406526,0.7836722530999387,1835541,0.6738067853973464,1.010738008491303,274276,0.6455155182932708,433.0879406929016,False
44,0.5698473591796707,0.7787328418108194,1835541,0.6780806127551813,1.0221995895717304,274276,0.6455155182932708,430.8831684589386,False
45,0.567451400977275,0.7739578556274118,1835541,0.6797762317486938,1.0267149341419959,274276,0.6455155182932708,438.46504855155945,False
46,0.5650489231801291,0.7691298038407492,1835541,0.680371984249643,1.0290125317753243,274276,0.6455155182932708,436.17248487472534,False
47,0.5625947421288797,0.764251466882454,1835541,0.6818299916172722,1.0328873340352023,274276,0.6455155182932708,433.078382730484,False
48,0.5603433102483856,0.7598010396981895,1835541,0.6828325915864948,1.0357324496144344,274276,0.6455155182932708,437.4914996623993,False
49,0.557998250374264,0.7551688082610863,1835541,0.6820427535956938,1.0335849937970838,274276,0.6455155182932708,437.22518491744995,False
50,0.5556969091170341,0.7506491608426611,1835541,0.683770257788556,1.0383423032528736,274276,0.6455155182932708,435.720734834671,False
51,0.5533758686191197,0.7460696669382776,1835541,0.6860651199795039,1.0447110774198682,274276,0.6455155182932708,436.37038564682007,False
52,0.5511636633777642,0.7418169395127178,1835541,0.6873145846593747,1.0477955229125668,274276,0.6455155182932708,436.9446291923523,False
53,0.5488281583660517,0.7372539417961655,1835541,0.6902047998480737,1.0556962085886512,274276,0.6455155182932708,437.95505928993225,False
54,0.5467338872466073,0.7331982528908497,1835541,0.689095473506241,1.0528130871135049,274276,0.6455155182932708,434.6487309932709,False
55,0.5445280809541282,0.7289325005572694,1835541,0.6895354135101942,1.0542239953255086,274276,0.6455155182932708,435.22578287124634,False
56,0.5424844945839421,0.7250098503317632,1835541,0.6906368154425813,1.0572556431190063,274276,0.6455155182932708,439.28693103790283,False
57,0.5403533881918149,0.720901703550201,1835541,0.6923610575750433,1.0620377574681394,274276,0.6455155182932708,436.72837686538696,False
58,0.5384269363631258,0.7172366929048344,1835541,0.6931742339603515,1.0640458008910223,274276,0.6455155182932708,433.6543478965759,False
59,0.5365733524282349,0.7137351753014884,1835541,0.6950557001493471,1.0694748936847553,274276,0.6455155182932708,434.87963604927063,False
60,0.5346233728236418,0.7099841380104763,1835541,0.6947088208779773,1.0682717856576553,274276,0.6455155182932708,438.12815499305725,False
61,0.5327525949296869,0.706462286411551,1835541,0.6950247481807178,1.0693367695282592,274276,0.6455155182932708,432.7141854763031,False
62,0.5309283134066913,0.7029404818921642,1835541,0.6962040858317573,1.0723958760121823,274276,0.6455155182932708,430.1195466518402,False
63,0.5291928503526488,0.6997009572364857,1835541,0.6965759686298686,1.0739493110730443,274276,0.6455155182932708,436.533668756485,False
64,0.5274654664298172,0.6964126106368932,1835541,0.6980589530322959,1.0775627279217204,274276,0.6455155182932708,436.3589735031128,False
65,0.5256177982328566,0.6928962874516326,1835541,0.6980842326991619,1.0776528423820826,274276,0.6455155182932708,436.9311475753784,False
66,0.5239472749248097,0.689785029220533,1835541,0.6986356485807754,1.078964646147281,274276,0.6455155182932708,431.71357560157776,False
67,0.5223621942023315,0.6867653163027494,1835541,0.6994854961205117,1.081340976275775,274276,0.6455155182932708,435.7166061401367,False
68,0.520733541464187,0.6837334082816946,1835541,0.6999242599658522,1.0829917166581082,274276,0.6455155182932708,437.12542629241943,False
69,0.5193255980096628,0.6810592114749059,1835541,0.7003708110740616,1.0840137719872895,274276,0.6455155182932708,438.39358258247375,False
70,0.5176657775603565,0.6779239092864037,1835541,0.7014023622274869,1.0870050417016783,274276,0.6455155182932708,433.9483871459961,False
71,0.5162007716029509,0.6752262285477524,1835541,0.7031555663154337,1.0913422175970795,274276,0.6455155182932708,438.3685851097107,False
72,0.5148472120886811,0.6725990262344459,1835541,0.7034399069212308,1.0925446434507193,274276,0.6455155182932708,436.09338998794556,False
73,0.5134773806121913,0.6700196386899359,1835541,0.7029601051666965,1.0908908245807127,274276,0.6455155182932708,436.7235245704651,False
74,0.511845083191612,0.6669888204616921,1835541,0.7039929411123264,1.0937619915152443,274276,0.6455155182932708,434.93222165107727,False
75,0.5106423089681881,0.6646796456189319,1835541,0.7057364283944754,1.0985996267025968,274276,0.6455155182932708,436.2589554786682,False
76,0.5091500531268871,0.6619175117880002,1835541,0.7055894725816709,1.0982991646259277,274276,0.6455155182932708,440.40101981163025,False
77,0.507780535777451,0.6593093123730499,1835541,0.7061483383258683,1.099624588604658,274276,0.6455155182932708,435.67979288101196,False
78,0.5065721642488198,0.6570329369190123,1835541,0.7057787698494009,1.099116776001798,274276,0.6455155182932708,434.00786542892456,False
79,0.5052375413891084,0.6545065352772327,1835541,0.7058570051294419,1.0994837156573452,274276,0.6455155182932708,435.3695628643036,False
80,0.5040094737617854,0.6521801016855028,1835541,0.706666141889032,1.101386884835093,274276,0.6455155182932708,439.09075927734375,False
81,0.502773638574385,0.6498565784112277,1835541,0.7071831454924332,1.1030396393166049,274276,0.6455155182932708,436.31721448898315,False
82,0.5015806236435939,0.6476032910531709,1835541,0.7084158401263753,1.1061401970431464,274276,0.6455155182932708,431.517849445343,False
83,0.5004940206823685,0.6455322614647261,1835541,0.7091224318110448,1.1082986408036473,274276,0.6455155182932708,434.2655758857727,False
84,0.4993643476880893,0.6433870324163568,1835541,0.7104440803367904,1.1113060340631922,274276,0.6455155182932708,440.1145453453064,False
85,0.4981198539202882,0.6410639344881631,1835541,0.7089712791615663,1.1073960224119654,274276,0.6455155182932708,437.4520637989044,False
86,0.4970532767065843,0.639029751052222,1835541,0.7110849846107239,1.113242694346444,274276,0.6455155182932708,435.33610939979553,False
87,0.4959966887897314,0.6370105401713497,1835541,0.7117677523280476,1.1155895488397938,274276,0.6455155182932708,432.3738634586334,False
88,0.49486626602540235,0.6348943196157891,1835541,0.7106870210970122,1.1118223291005036,274276,0.6455155182932708,427.4412434101105,False
89,0.49383285631879764,0.6329596699209097,1835541,0.7105143948515629,1.1119388060296536,274276,0.6455155182932708,411.8953580856323,False
90,0.4928260485280106,0.6310483761836202,1835541,0.712883861931238,1.1182396833808823,274276,0.6455155182932708,412.38073325157166,False
91,0.4916958405124714,0.62895200511199,1835541,0.7118899212680279,1.1155241798343771,274276,0.6455155182932708,409.2967755794525,False
92,0.4907196239258292,0.6270525108562137,1835541,0.7123564516494971,1.1169093504104095,274276,0.6455155182932708,411.1631968021393,False
93,0.48979053823580165,0.6252959194665448,1835541,0.7147721911525367,1.1236057339093826,274276,0.6455155182932708,409.4616096019745,False
94,0.48880280222187555,0.6234673934149677,1835541,0.7133883219238644,1.1200466788005115,274276,0.6455155182932708,410.47842144966125,False
95,0.48790533901414807,0.6217307626685482,1835541,0.7142964455906112,1.1224700453182515,274276,0.6455155182932708,410.14410948753357,False
96,0.48696036714972063,0.6199390448187901,1835541,0.7142142104559075,1.1221946188622465,274276,0.6455155182932708,408.41899132728577,False
97,0.4860398360534678,0.6182119013553867,1835541,0.7151974725118084,1.124822787271494,274276,0.6455155182932708,408.47157096862793,False
98,0.4850824517571511,0.6164380878248888,1835541,0.7156869613573966,1.126031928891092,274276,0.6455155182932708,410.0618648529053,False
99,0.4842570851764761,0.6148626374983728,1835541,0.7154319725327529,1.1255570958300853,274276,0.6455155182932708,411.8183226585388,False
100,0.48335090082461213,0.6131270048333196,1835541,0.7158989507596478,1.126889604108009,274276,0.6455155182932708,410.085599899292,False
101,0.4823349274188831,0.611224456975217,1835541,0.7165610133092548,1.1286665661499995,274276,0.6455155182932708,409.89896154403687,False
102,0.4816519442251024,0.6099247311541934,1835541,0.715913955642868,1.1268394948952216,274276,0.6455155182932708,411.9598922729492,False
103,0.48083177488561923,0.6084199266206523,1835541,0.7164113140138016,1.1287273998757734,274276,0.6455155182932708,411.7820670604706,False
104,0.4800679890049476,0.6069303016075661,1835541,0.7170700419808657,1.1299221940817468,274276,0.6455155182932708,410.951776266098,False
105,0.47931070237517004,0.6054886123762683,1835541,0.7165549650850677,1.1286049205776962,274276,0.6455155182932708,409.85165548324585,False
106,0.47840270877023183,0.6038089132636296,1835541,0.7173488245326406,1.130833172669636,274276,0.6455155182932708,409.7022249698639,False
107,0.4776265090891977,0.6023696793287562,1835541,0.7186413367919781,1.1344377879405352,274276,0.6455155182932708,410.13518738746643,False
108,0.4768825986393001,0.6009393981045229,1835541,0.718079067142208,1.1328608588184599,274276,0.6455155182932708,410.12548875808716,False
109,0.475980497745053,0.5992423100989254,1835541,0.7181269364704858,1.133079197663541,274276,0.6455155182932708,408.0665500164032,False
110,0.47524392062069165,0.5978469752941324,1835541,0.7172458953307368,1.1306454842887705,274276,0.6455155182932708,410.3873724937439,False
111,0.4746575504807266,0.5967262698300593,1835541,0.7188067016654379,1.1352011052558493,274276,0.6455155182932708,411.1837182044983,False
112,0.4738235656655088,0.5951824330061842,1835541,0.7198332989254447,1.1372994444597722,274276,0.6455155182932708,409.7168114185333,False
113,0.47333799920094116,0.5942131118612912,1835541,0.7184381154162579,1.1337376412068179,274276,0.6455155182932708,409.3972587585449,False
114,0.47252102441560284,0.5927164343016524,1835541,0.7186292356204513,1.1345255838263737,274276,0.6455155182932708,408.8144996166229,False
115,0.47175941534392546,0.5912966314103318,1835541,0.7207538990648348,1.1401238277758572,274276,0.6455155182932708,410.30809116363525,False
116,0.4710190291183368,0.5898840287398762,1835541,0.7209085168765691,1.1407590619070647,274276,0.6455155182932708,409.9641947746277,False
117,0.4704037650288435,0.588713452116189,1835541,0.7200041063923432,1.1378431500210904,274276,0.6455155182932708,410.6824860572815,False
118,0.4698438346341144,0.5876765375953842,1835541,0.7206924447389138,1.140082311971175,274276,0.6455155182932708,409.4074523448944,False
119,0.4691340240959521,0.5862855322367002,1835541,0.7216472244303203,1.1426353675902587,274276,0.6455155182932708,410.7316246032715,False
120,0.4683890700663665,0.5849660512119135,1835541,0.72171555852668,1.1428458424326535,274276,0.6455155182932708,411.3498361110687,False
121,0.46782640291544303,0.583857487016574,1835541,0.7225239224373676,1.1448983555952295,274276,0.6455155182932708,411.1502890586853,False
122,0.46711919497433996,0.582552478144259,1835541,0.7212910618972099,1.1418263098783854,274276,0.6455155182932708,408.7539474964142,False
123,0.46673338853613655,0.5817731099016775,1835541,0.7223549910459828,1.1446201145472061,274276,0.6455155182932708,410.1378712654114,False
124,0.46593907889294817,0.5803077382938882,1835541,0.7221077638113298,1.143838404374557,274276,0.6455155182932708,410.3561291694641,False
125,0.46533824433959,0.579202936151752,1835541,0.7227723771766067,1.1458034143146294,274276,0.6455155182932708,409.7576584815979,False
126,0.46474968667193844,0.5780392660881781,1835541,0.7230907445988761,1.1467862876870762,274276,0.6455155182932708,409.68347907066345,False
127,0.46420078907373613,0.5770481404055028,1835541,0.7228623183519959,1.1460913860938615,274276,0.6455155182932708,409.28054666519165,False
128,0.4635456339908724,0.5758640518302636,1835541,0.7243297550831123,1.15018472854563,274276,0.6455155182932708,409.43803215026855,False
129,0.4629228171806249,0.5746699472207861,1835541,0.7231891332303546,1.147082210221878,274276,0.6455155182932708,410.3398916721344,False
130,0.46243365612009213,0.5737179486769297,1835541,0.7231315620495963,1.1468722875219541,274276,0.6455155182932708,409.22409558296204,False
131,0.4618700903810593,0.5726487875863155,1835541,0.7238637350624478,1.1487699079400806,274276,0.6455155182932708,410.22118282318115,False
132,0.4612673209069425,0.5715816330000232,1835541,0.7239975824531184,1.1491769206478433,274276,0.6455155182932708,409.9908866882324,False
133,0.46072319689097674,0.5705324979067256,1835541,0.7235841099999447,1.1478426096986356,274276,0.6455155182932708,410.2093997001648,False
134,0.46022941194250544,0.5696068751580686,1835541,0.7242105006334963,1.1496446810917116,274276,0.6455155182932708,408.90523529052734,False
135,0.45967446775773,0.5685086151779486,1835541,0.7268452860517012,1.1571149104557523,274276,0.6455155182932708,409.67326283454895,False
136,0.4591249178551182,0.5675177574456625,1835541,0.7237920571197859,1.1485532551710917,274276,0.6455155182932708,409.5012278556824,False
137,0.45858223235200246,0.5665383967387929,1835541,0.7253908477728488,1.1532526266329466,274276,0.6455155182932708,410.89111733436584,False
138,0.4581076736022509,0.5656155318580642,1835541,0.7246872032529182,1.1511171127942421,274276,0.6455155182932708,410.0617210865021,False
139,0.45759078628497285,0.5646394167875873,1835541,0.7248784991688558,1.151954423670371,274276,0.6455155182932708,409.8826107978821,False
140,0.4570541026852176,0.5636305832423455,1835541,0.7255051941338888,1.153471437013103,274276,0.6455155182932708,410.8088104724884,False
141,0.456582442964011,0.562776203116381,1835541,0.7258460980706962,1.1545513082922558,274276,0.6455155182932708,410.16675186157227,False
142,0.45605350351951973,0.5617796495614137,1835541,0.726849803263015,1.1575260788824244,274276,0.6455155182932708,410.1262402534485,False
143,0.4555290960499492,0.5607931573718378,1835541,0.7263766816100093,1.155835183696093,274276,0.6455155182932708,410.70529866218567,False
144,0.4550840864647124,0.5599280852207129,1835541,0.7267756343427257,1.157021954757134,274276,0.6455155182932708,411.25745701789856,False
145,0.4546419283302561,0.5591451278518216,1835541,0.7266933257861897,1.1569777753933042,274276,0.6455155182932708,410.0889549255371,False
146,0.4541496174680387,0.5581913608609981,1835541,0.7268517213281663,1.1573575460406536,274276,0.6455155182932708,411.34056401252747,False
147,0.4536899288423098,0.5573447144352658,1835541,0.7281441226053746,1.1609321864741438,274276,0.6455155182932708,410.32987332344055,False
148,0.45320136098264147,0.5564070943723627,1835541,0.7276108627828274,1.1594292964039212,274276,0.6455155182932708,409.5786783695221,False
149,0.4527259392068677,0.5555106327670134,1835541,0.7269137879697023,1.1575165529542233,274276,0.6455155182932708,409.86457991600037,False
