epoch,train_loss,train_diffusion_loss,train_audio_wave_l1,train_audio_mrstft,train_x0,train_x0_loss,train_timbre_proj_mse,train_quant_embed_mse,train_rvq_ce,train_onset_weighted_x0,train_steps,train_batches_per_epoch,train_valid_tokens_seen,train_audio_seconds_seen,train_elapsed_sec,train_steps_per_sec,train_tokens_per_sec,train_audio_seconds_per_sec,train_peak_gpu_mem_allocated_mb,train_peak_gpu_mem_reserved_mb,val_loss,val_diffusion_loss,val_audio_wave_l1,val_audio_mrstft,val_x0,val_x0_loss,val_timbre_proj_mse,val_quant_embed_mse,val_rvq_ce,val_onset_weighted_x0,val_steps,val_valid_tokens_seen,val_audio_seconds_seen,val_elapsed_sec,val_steps_per_sec,val_tokens_per_sec,val_audio_seconds_per_sec,val_peak_gpu_mem_allocated_mb,val_peak_gpu_mem_reserved_mb,best_val_loss,checkpoint_metric_name,checkpoint_metric_value,best_checkpoint_metric_value,best_checkpoint_epoch,global_step,checkpoint_improved
0,0.9627897404043759,0.476079776852092,0.0,0.0,0.5511102001417101,0.0,0.0,0.0,4.867099552012202,0.0,2881,2881,1835541,21312.51006603241,422.55234351195395,6.818090218255994,4343.937569353637,50.43756209916626,6150.68408203125,9316.0,0.9060012384628257,0.4670427182572894,0.0,0.0,0.5824412459866531,0.0,0.0,0.0,4.3895851373672485,0.0,384,274276,3184.7999968528748,25.788306768983603,14.8904696783679,10635.673076833422,123.49783277292686,2413.01904296875,9316.0,0.9060012384628257,val_loss,0.9060012384628257,0.9060012384628257,0,2881,True
1,0.8845081876152632,0.43905983403640586,0.0,0.0,0.5204551983204454,0.0,0.0,0.0,4.45448345471405,0.0,2881,2881,1835541,21312.51001739502,425.02239767462015,6.778466301452603,4318.692403135929,50.14443976129232,6147.44580078125,6962.0,0.8724996436697742,0.4413459245600582,0.0,0.0,0.4055874133046018,0.0,0.0,0.0,4.31153711816296,0.0,384,274276,3184.7999968528748,26.60260969772935,14.434674055033634,10310.116304995847,119.71757782563384,2413.01904296875,6962.0,0.8724996436697742,val_loss,0.8724996436697742,0.8724996436697742,1,5762,True
2,0.8595204253198372,0.4312585561094351,0.0,0.0,0.4707651903121598,0.0,0.0,0.0,4.282618620016226,0.0,2881,2881,1835541,21312.51002550125,423.26822840608656,6.806558599612036,4336.590551367746,50.352255603399264,6147.44580078125,6962.0,0.8485618208845457,0.42197188523520407,0.0,0.0,0.41170467768097296,0.0,0.0,0.0,4.265899291572471,0.0,384,274276,3184.7999968528748,26.889264138415456,14.280792439068529,10200.20475785927,118.4413221744844,2413.01904296875,6962.0,0.8485618208845457,val_loss,0.8485618208845457,0.8485618208845457,2,8643,True
3,0.8416951086445841,0.4219052382524706,0.0,0.0,0.516125733300485,0.0,0.0,0.0,4.197898625810293,0.0,2881,2881,1835541,21312.510028362274,427.8963889442384,6.7329383337596695,4289.685651540283,49.80764170725364,6147.44580078125,6962.0,0.8304112328526875,0.4235717841996423,0.0,0.0,0.5028279379718393,0.0,0.0,0.0,4.06839441228658,0.0,384,274276,3184.7999968528748,26.28694711998105,14.608010517437249,10433.92367885578,121.15518710927321,2413.01904296875,6962.0,0.8304112328526875,val_loss,0.8304112328526875,0.8304112328526875,3,11524,True
4,0.8251990286561608,0.4147678011610033,0.0,0.0,0.43797160293719434,0.0,0.0,0.0,4.10431220642356,0.0,2881,2881,1835541,21312.51003217697,429.96339448168874,6.700570413611561,4269.063421579653,49.568196515586465,6147.44580078125,6962.0,0.814941794766734,0.3969942913002645,0.0,0.0,0.5679530069513324,0.0,0.0,0.0,4.179474952785919,0.0,384,274276,3184.7999968528748,26.71910587325692,14.371738404028877,10265.163860686,119.19560527062892,2413.01904296875,6962.0,0.814941794766734,val_loss,0.814941794766734,0.814941794766734,4,14405,True
5,0.8121715686007616,0.40417201972331535,0.0,0.0,0.47043594839655867,0.0,0.0,0.0,4.079995409176607,0.0,2881,2881,1835541,21312.510053157806,430.5131938159466,6.6920132562341115,4263.611490580082,49.50489406433697,6147.44580078125,6962.0,0.8001126147185763,0.40476104360035,0.0,0.0,0.3926388604110495,0.0,0.0,0.0,3.953515656447659,0.0,384,274276,3184.7999968528748,26.00192099995911,14.768139630937416,10548.297566184872,122.48325794305286,2413.01904296875,6962.0,0.8001126147185763,val_loss,0.8001126147185763,0.8001126147185763,5,17286,True
6,0.8010349768559497,0.40018779510830643,0.0,0.0,0.4849304891146489,0.0,0.0,0.0,4.0084717411500055,0.0,2881,2881,1835541,21312.51007270813,443.40440038219094,6.497454688128335,4139.654451822899,48.06562599364797,6147.44580078125,6962.0,0.7994881385626892,0.3978681396498966,0.0,0.0,0.562131615205241,0.0,0.0,0.0,4.016199907443176,0.0,384,274276,3184.7999968528748,32.94641595520079,11.655289016023707,8324.911588955516,96.66605318112408,2413.01904296875,6962.0,0.7994881385626892,val_loss,0.7994881385626892,0.7994881385626892,6,20167,True
7,0.7927466285017702,0.395193774064344,0.0,0.0,0.4282315615545189,0.0,0.0,0.0,3.9755284713192642,0.0,2881,2881,1835541,21312.51005268097,527.7906584851444,5.458603621877273,3477.782280702614,40.38061248346412,6147.44580078125,6962.0,0.7881329907104373,0.38387415243293316,0.0,0.0,0.40215136657934636,0.0,0.0,0.0,4.042588300692539,0.0,384,274276,3184.7999968528748,32.69432607665658,11.745157220847936,8389.100890378355,97.4113976041485,2413.01904296875,6962.0,0.7881329907104373,val_loss,0.7881329907104373,0.7881329907104373,7,23048,True
8,0.7852179705372538,0.3933771633262158,0.0,0.0,0.4468885153746675,0.0,0.0,0.0,3.9184079996126884,0.0,2881,2881,1835541,21312.51005601883,538.0589361563325,5.35443202668588,3411.4125361662714,39.609991812916384,6147.44580078125,6962.0,0.7806693490905067,0.391661552527997,0.0,0.0,0.37960095891321544,0.0,0.0,0.0,3.890077879962822,0.0,384,274276,3184.7999968528748,32.675692385062575,11.751855032627937,8393.884872211094,97.466947580544,2413.01904296875,6962.0,0.7806693490905067,val_loss,0.7806693490905067,0.7806693490905067,8,25929,True
9,0.77640287177259,0.38586754067188356,0.0,0.0,0.43032312523399074,0.0,0.0,0.0,3.9053532418506256,0.0,2881,2881,1835541,21312.5100274086,559.7057781144977,5.147347253954274,3279.4748093962107,38.078059689154664,6147.44580078125,6962.0,0.7732878395666679,0.38195980796202395,0.0,0.0,0.458262654186304,0.0,0.0,0.0,3.9132802627670267,0.0,384,274276,3184.7999968528748,38.044245006516576,10.093510856483677,7209.395269981555,83.71305558323873,2413.01904296875,6962.0,0.7732878395666679,val_loss,0.7732878395666679,0.7732878395666679,9,28810,True
10,0.770482981527733,0.37958803590217716,0.0,0.0,0.45729689128924494,0.0,0.0,0.0,3.908949389221022,0.0,2881,2881,1835541,21312.510021686554,587.5458432715386,4.90344716585549,3124.081330878706,36.27378231971734,6147.44580078125,6962.0,0.766690504581978,0.37414870714807574,0.0,0.0,0.4620922811542793,0.0,0.0,0.0,3.9254179046644517,0.0,384,274276,3184.7999968528748,36.35331076197326,10.562999406416552,7544.732357276839,87.60687624039674,2413.01904296875,6962.0,0.766690504581978,val_loss,0.766690504581978,0.766690504581978,10,31691,True
11,0.7659421279090264,0.37908959778718176,0.0,0.0,0.434172124332622,0.0,0.0,0.0,3.8685252382415154,0.0,2881,2881,1835541,21312.510010242462,531.4099624231458,5.4214264009336475,3454.0959518903674,40.105589878407194,6147.44580078125,6962.0,0.7573514622636139,0.3822823640657589,0.0,0.0,0.4401674463248734,0.0,0.0,0.0,3.750690910189102,0.0,384,274276,3184.7999968528748,28.53866974450648,13.45542744065419,9610.679210189763,111.59595122564987,2413.01904296875,6962.0,0.7573514622636139,val_loss,0.7573514622636139,0.7573514622636139,11,34572,True
12,0.7596138864290131,0.37798983689219134,0.0,0.0,0.42382340617633063,0.0,0.0,0.0,3.8162404261542378,0.0,2881,2881,1835541,21312.51005935669,432.45159933157265,6.662017216384618,4244.500431579257,49.282995119682276,6147.44580078125,6962.0,0.7547128029788533,0.36512894522214384,0.0,0.0,0.4510971124691423,0.0,0.0,0.0,3.8958385080719986,0.0,384,274276,3184.7999968528748,26.29501702822745,14.60352733705324,10430.721520566705,121.11800473200007,2413.01904296875,6962.0,0.7547128029788533,val_loss,0.7547128029788533,0.7547128029788533,12,37453,True
13,0.7552299653643827,0.37414295944174786,0.0,0.0,0.41786238500840006,0.0,0.0,0.0,3.810869982293479,0.0,2881,2881,1835541,21312.510023117065,429.6614844352007,6.705278700480069,4272.063162498399,49.60302655736718,6147.44580078125,6962.0,0.7507512269852062,0.3785011415942184,0.0,0.0,0.4372062387265032,0.0,0.0,0.0,3.7225007925493023,0.0,384,274276,3184.7999968528748,25.919955044984818,14.814840509312502,10581.65415503176,122.87058335269347,2413.01904296875,6962.0,0.7507512269852062,val_loss,0.7507512269852062,0.7507512269852062,13,40334,True
14,0.7505093509022952,0.3681427304959781,0.0,0.0,0.4054965995127999,0.0,0.0,0.0,3.8236661291461735,0.0,2881,2881,1835541,21312.510046482086,422.4088306128979,6.820406656318684,4345.413416989189,50.45469815476753,6147.44580078125,6962.0,0.7444495249850055,0.3731729598803213,0.0,0.0,0.3446538572364564,0.0,0.0,0.0,3.7127655764731267,0.0,384,274276,3184.7999968528748,27.51914544031024,13.953921673654666,9966.733908758612,115.73033776651208,2413.01904296875,6962.0,0.7444495249850055,val_loss,0.7444495249850055,0.7444495249850055,14,43215,True
15,0.7479628518984078,0.3694702488777875,0.0,0.0,0.42594792087216815,0.0,0.0,0.0,3.7849259605137933,0.0,2881,2881,1835541,21312.510023593903,429.60307934321463,6.70619029175612,4272.643954987962,49.60977015382868,6147.44580078125,6962.0,0.7410397746910652,0.36473169282544404,0.0,0.0,0.520217113167746,0.0,0.0,0.0,3.763080754550174,0.0,384,274276,3184.7999968528748,27.08561512082815,14.177267094987027,10126.260702460057,117.5827088528569,2413.01904296875,6962.0,0.7410397746910652,val_loss,0.7410397746910652,0.7410397746910652,15,46096,True
16,0.7447807697610944,0.36921741179242623,0.0,0.0,0.38228156845480027,0.0,0.0,0.0,3.755633504605467,0.0,2881,2881,1835541,21312.510044574738,463.7433625999838,6.212487837772237,3958.096542253485,45.95755274013162,6147.44580078125,6962.0,0.7475539056273798,0.36239198592860095,0.0,0.0,0.51379045889189,0.0,0.0,0.0,3.8516191078039506,0.0,384,274276,3184.7999968528748,31.619012620300055,12.144591755957114,8674.401167856493,100.72420777643663,2413.01904296875,6962.0,0.7410397746910652,val_loss,0.7475539056273798,0.7410397746910652,15,48977,False
17,0.7425742423273713,0.3648629292285833,0.0,0.0,0.4250767930775767,0.0,0.0,0.0,3.777113059201368,0.0,2881,2881,1835541,21312.51006269455,517.3351982366294,5.568923223898308,3548.069039679807,41.19671372707603,6147.44580078125,6962.0,0.7391027954096595,0.36680724468897097,0.0,0.0,0.4260145621665288,0.0,0.0,0.0,3.722955435824891,0.0,384,274276,3184.7999968528748,26.351525047793984,14.572211638739539,10408.353956840952,120.85828015936748,2413.01904296875,6962.0,0.7391027954096595,val_loss,0.7391027954096595,0.7391027954096595,17,51858,True
18,0.739803493953918,0.3665137520303684,0.0,0.0,0.42863818011073673,0.0,0.0,0.0,3.732897358040394,0.0,2881,2881,1835541,21312.51005744934,436.7777100596577,6.596032566786652,4202.4603310212215,48.794866511247456,6147.44580078125,6962.0,0.7332577565684915,0.3667160987873406,0.0,0.0,0.4917470450212325,0.0,0.0,0.0,3.6654165102324137,0.0,384,274276,3184.7999968528748,26.33961571753025,14.57880039397955,10413.060043903999,120.91292564808532,2413.01904296875,6962.0,0.7332577565684915,val_loss,0.7332577565684915,0.7332577565684915,18,54739,True
19,0.7367631374589688,0.3626335849759196,0.0,0.0,0.4083630158910214,0.0,0.0,0.0,3.741295461210266,0.0,2881,2881,1835541,21312.51002931595,432.21475003659725,6.665667934183308,4246.826374723625,49.31000163115983,6147.44580078125,6962.0,0.7301489730986456,0.35594193679086555,0.0,0.0,0.3522089722731228,0.0,0.0,0.0,3.742070283895979,0.0,384,274276,3184.7999968528748,27.516957661136985,13.955031102233173,9967.52632967736,115.73953908977599,2413.01904296875,6962.0,0.7301489730986456,val_loss,0.7301489730986456,0.7301489730986456,19,57620,True
20,0.7319082351804235,0.3619846341629144,0.0,0.0,0.38975022839888523,0.0,0.0,0.0,3.699235945040052,0.0,2881,2881,1835541,21312.51003217697,426.7278814483434,6.751375115733452,4301.432083064386,49.944029810850104,6147.44580078125,6962.0,0.7313345111906528,0.3663787362650813,0.0,0.0,0.33519046632378985,0.0,0.0,0.0,3.6495576701126993,0.0,384,274276,3184.7999968528748,27.221751369535923,14.106366441570598,10075.619172208899,116.99467655916546,2413.01904296875,6962.0,0.7301489730986456,val_loss,0.7313345111906528,0.7301489730986456,19,60501,False
21,0.7305996183801219,0.36196772283294193,0.0,0.0,0.41063634117341774,0.0,0.0,0.0,3.686318880338215,0.0,2881,2881,1835541,21312.510034561157,431.71578313037753,6.6733719557571565,4251.7347563493395,49.36699297863014,6147.44580078125,6962.0,0.7311705524722735,0.36521978093272384,0.0,0.0,0.3516204888486148,0.0,0.0,0.0,3.6595076583325863,0.0,384,274276,3184.7999968528748,25.982741618528962,14.779040858650564,10556.083881633442,122.57367000030943,2413.01904296875,6962.0,0.7301489730986456,val_loss,0.7311705524722735,0.7301489730986456,19,63382,False
22,0.7289446566262952,0.3575483034967766,0.0,0.0,0.4282669041561805,0.0,0.0,0.0,3.7139634653455222,0.0,2881,2881,1835541,21312.51001882553,433.4871192164719,6.646102899683405,4234.361111623664,49.16526714184241,6147.44580078125,6962.0,0.7271250601237019,0.3508569853244505,0.0,0.0,0.4317789557147383,0.0,0.0,0.0,3.7626806778522828,0.0,384,274276,3184.7999968528748,26.9804573841393,14.232523731259567,10165.72833050768,118.04099357948941,2413.01904296875,6962.0,0.7271250601237019,val_loss,0.7271250601237019,0.7271250601237019,22,66263,True
23,0.7259253717904619,0.358977797677167,0.0,0.0,0.39972109546647616,0.0,0.0,0.0,3.6694756745568005,0.0,2881,2881,1835541,21312.510046958923,435.966505439952,6.608305830955207,4210.279865760969,48.88565929038879,6147.44580078125,6962.0,0.7280317773111165,0.345354208657227,0.0,0.0,0.35108141488065786,0.0,0.0,0.0,3.826775638386607,0.0,384,274276,3184.7999968528748,27.007322242483497,14.218366284235099,10155.616226497046,117.92357525334626,2413.01904296875,6962.0,0.7271250601237019,val_loss,0.7280317773111165,0.7271250601237019,22,69144,False
24,0.72490108409345,0.3543862337763759,0.0,0.0,0.41101058376439015,0.0,0.0,0.0,3.70514843634374,0.0,2881,2881,1835541,21312.51003265381,434.4466626159847,6.631423942014646,4225.008862877301,49.05667799200549,6147.44580078125,6962.0,0.7258350026483337,0.3546133459991931,0.0,0.0,0.4203027724676455,0.0,0.0,0.0,3.7122164904139936,0.0,384,274276,3184.7999968528748,26.59931217506528,14.436463524796299,10311.394452414139,119.73241924046326,2413.01904296875,6962.0,0.7258350026483337,val_loss,0.7258350026483337,0.7258350026483337,24,72025,True
25,0.7233616656021541,0.3619985634426133,0.0,0.0,0.38911265862154615,0.0,0.0,0.0,3.6136309564092928,0.0,2881,2881,1835541,21312.510036468506,445.0784000940621,6.473016887341948,4124.084654775608,47.884844629540225,6147.44580078125,6962.0,0.7238781137081484,0.35888549889690086,0.0,0.0,0.412380288777058,0.0,0.0,0.0,3.649926102021709,0.0,384,274276,3184.7999968528748,26.570997109636664,14.451847569571727,10322.382666645455,119.86001066169338,2413.01904296875,6962.0,0.7238781137081484,val_loss,0.7238781137081484,0.7238781137081484,25,74906,True
26,0.7208278051518351,0.35722752565861327,0.0,0.0,0.4223699039452784,0.0,0.0,0.0,3.6360027312984156,0.0,2881,2881,1835541,21312.510036230087,437.4954498298466,6.585211345901988,4195.565921231614,48.71481530726566,6147.44580078125,6962.0,0.7232425007969141,0.3598817547802658,0.0,0.0,0.40988399794393143,0.0,0.0,0.0,3.6336073878531656,0.0,384,274276,3184.7999968528748,26.216770632192492,14.64711292581829,10461.85298135869,121.479492708463,2413.01904296875,6962.0,0.7232425007969141,val_loss,0.7232425007969141,0.7232425007969141,26,77787,True
27,0.7192305939266227,0.3587648370395344,0.0,0.0,0.42977997796666245,0.0,0.0,0.0,3.604657498696164,0.0,2881,2881,1835541,21312.51001214981,435.987616173923,6.60798585354938,4210.0760019472,48.88329214297656,6147.44580078125,6962.0,0.7152792684112986,0.36371278857889894,0.0,0.0,0.3241506790848992,0.0,0.0,0.0,3.5156647342567644,0.0,384,274276,3184.7999968528748,27.19306169077754,14.12124917622765,10086.249320466184,117.11811023960541,2413.01904296875,6962.0,0.7152792684112986,val_loss,0.7152792684112986,0.7152792684112986,27,80668,True
28,0.7186566979592974,0.354427061487844,0.0,0.0,0.3808636994872737,0.0,0.0,0.0,3.6422962981435583,0.0,2881,2881,1835541,21312.510055065155,441.8766930475831,6.519918441794263,4153.966545147339,48.23180400865844,6147.44580078125,6962.0,0.7122108389933904,0.3571105148730567,0.0,0.0,0.3210979548020987,0.0,0.0,0.0,3.5510031725279987,0.0,384,274276,3184.7999968528748,27.373966094106436,14.027927070556082,10019.593034385,116.34412002645668,2413.01904296875,6962.0,0.7122108389933904,val_loss,0.7122108389933904,0.7122108389933904,28,83549,True
29,0.7160373516729912,0.3525209360982588,0.0,0.0,0.39387929032103175,0.0,0.0,0.0,3.6351640876673526,0.0,2881,2881,1835541,21312.510051727295,437.7754750698805,6.580999083011941,4192.882206813891,48.68365467098233,6147.44580078125,6962.0,0.7122553066971401,0.35117242086077266,0.0,0.0,0.33277224325138377,0.0,0.0,0.0,3.610828803231319,0.0,384,274276,3184.7999968528748,27.26481679454446,14.084085101090293,10059.704492673545,116.80988069173954,2413.01904296875,6962.0,0.7122108389933904,val_loss,0.7122553066971401,0.7122108389933904,28,86430,False
30,0.714704318929571,0.3542116029887579,0.0,0.0,0.41128886985071766,0.0,0.0,0.0,3.604927098893821,0.0,2881,2881,1835541,21312.510035037994,434.6437032017857,6.628417664347205,4223.093505044614,49.03443873232312,6147.44580078125,6962.0,0.7123274030163884,0.3519189939155088,0.0,0.0,0.41161361391520285,0.0,0.0,0.0,3.6040840252923467,0.0,384,274276,3184.7999968528748,28.13826241903007,13.646898102005707,9747.43912454614,113.18396102166479,2413.01904296875,6962.0,0.7122108389933904,val_loss,0.7123274030163884,0.7122108389933904,28,89311,False
31,0.7114947554614965,0.3490529805344246,0.0,0.0,0.3665314187301877,0.0,0.0,0.0,3.624417684261106,0.0,2881,2881,1835541,21312.51003265381,440.76497984305024,6.5363632133974905,4164.443828213413,48.35345593981371,6147.44580078125,6962.0,0.7100207757515212,0.3462508027587319,0.0,0.0,0.4196218387854363,0.0,0.0,0.0,3.6376996436156332,0.0,384,274276,3184.7999968528748,27.131533563137054,14.153272947377046,10109.12263259059,117.38370739131325,2413.01904296875,6962.0,0.7100207757515212,val_loss,0.7100207757515212,0.7100207757515212,31,92192,True
32,0.712431632988323,0.3541836230031285,0.0,0.0,0.41155741348150177,0.0,0.0,0.0,3.582480033852499,0.0,2881,2881,1835541,21312.510048627853,439.1191635001451,6.5608614687549345,4180.052142040924,48.5346844777837,6147.44580078125,6962.0,0.7131757284514606,0.34414512855679885,0.0,0.0,0.4795696252428267,0.0,0.0,0.0,3.6903059198521078,0.0,384,274276,3184.7999968528748,27.969329699873924,13.729324374968161,9806.312948616582,113.86758392237161,2413.01904296875,6962.0,0.7100207757515212,val_loss,0.7131757284514606,0.7100207757515212,31,95073,False
33,0.7102907671360703,0.3528259382668866,0.0,0.0,0.37880879980296994,0.0,0.0,0.0,3.5746482232716796,0.0,2881,2881,1835541,21312.51004219055,440.75272748433053,6.536544915884665,4164.559594393562,48.354800125311186,6147.44580078125,6962.0,0.70879784754167,0.3497699010040378,0.0,0.0,0.3984979647502769,0.0,0.0,0.0,3.5902793913458786,0.0,384,274276,3184.7999968528748,27.283597191795707,14.074390458875065,10052.779993485461,116.72947575294644,2413.01904296875,6962.0,0.70879784754167,val_loss,0.70879784754167,0.70879784754167,33,97954,True
34,0.7070066566704793,0.3500743392720451,0.0,0.0,0.38864362009350667,0.0,0.0,0.0,3.5693231079260617,0.0,2881,2881,1835541,21312.510040283203,436.9707502797246,6.59311864273694,4200.603813470325,48.77331040267594,6147.44580078125,6962.0,0.7035685529311498,0.3449978401525489,0.0,0.0,0.39130737768573454,0.0,0.0,0.0,3.58570706184643,0.0,384,274276,3184.7999968528748,27.87206625007093,13.77723476095077,9840.53344087118,114.26494068572221,2413.01904296875,6962.0,0.7035685529311498,val_loss,0.7035685529311498,0.7035685529311498,34,100835,True
35,0.7075137907703152,0.3513797963254997,0.0,0.0,0.3886061239469097,0.0,0.0,0.0,3.561339874538189,0.0,2881,2881,1835541,21312.510055541992,434.6845230795443,6.62779521016624,4222.696927408452,49.02983410716454,6147.44580078125,6962.0,0.7045189626514912,0.3524556431754415,0.0,0.0,0.47931670129764825,0.0,0.0,0.0,3.5206331621545055,0.0,384,274276,3184.7999968528748,27.584924137219787,13.920647310458849,9942.96734823805,115.45436851702948,2413.01904296875,6962.0,0.7035685529311498,val_loss,0.7045189626514912,0.7035685529311498,34,103716,False
36,0.7045937038593432,0.3500235776036476,0.0,0.0,0.3802033016572589,0.0,0.0,0.0,3.545701194475691,0.0,2881,2881,1835541,21312.51002883911,438.66455329209566,6.567660820503121,4184.384140967414,48.58498337486514,6147.44580078125,6962.0,0.7023750931645433,0.3419635430570149,0.0,0.0,0.4159689710601621,0.0,0.0,0.0,3.6041154439250627,0.0,384,274276,3184.7999968528748,27.23818309046328,14.097856627391836,10069.54094878782,116.9240982878901,2413.01904296875,6962.0,0.7023750931645433,val_loss,0.7023750931645433,0.7023750931645433,36,106597,True
37,0.7044034520191933,0.34858904528662404,0.0,0.0,0.3890590442736342,0.0,0.0,0.0,3.5581440063492784,0.0,2881,2881,1835541,21312.510020256042,436.780802199617,6.595985870925089,4202.43058018178,48.79452098839231,6147.44580078125,6962.0,0.7062534129557511,0.34585361008551746,0.0,0.0,0.32284727705215727,0.0,0.0,0.0,3.603997966274619,0.0,384,274276,3184.7999968528748,27.341101173311472,14.044789109475765,10031.636921329622,116.4839695616086,2413.01904296875,6962.0,0.7023750931645433,val_loss,0.7062534129557511,0.7023750931645433,36,109478,False
38,0.703928089501832,0.35241175576603556,0.0,0.0,0.4426060370795095,0.0,0.0,0.0,3.515163278194899,0.0,2881,2881,1835541,21312.510047912598,433.23273351974785,6.65000535992204,4236.847444761076,49.19413608191986,6147.44580078125,6962.0,0.7044120870220164,0.35260499524883926,0.0,0.0,0.3192051140698216,0.0,0.0,0.0,3.5180708603778235,0.0,384,274276,3184.7999968528748,27.358737329021096,14.035735472070474,10025.17026650417,116.40888095645268,2413.01904296875,6962.0,0.7023750931645433,val_loss,0.7044120870220164,0.7023750931645433,36,112359,False
39,0.7021911424901162,0.34789161001490826,0.0,0.0,0.40487561482872786,0.0,0.0,0.0,3.542995258529581,0.0,2881,2881,1835541,21312.509999275208,430.74522079899907,6.688408508992782,4261.314836169774,49.478227430456805,6147.44580078125,6962.0,0.6961840678316852,0.33930365947890095,0.0,0.0,0.3327803514912375,0.0,0.0,0.0,3.568804021148632,0.0,384,274276,3184.7999968528748,26.691494764760137,14.386605298215894,10275.782694722559,119.31890757417067,2413.01904296875,6962.0,0.6961840678316852,val_loss,0.6961840678316852,0.6961840678316852,39,115240,True
40,0.6994894636728333,0.3498196930885418,0.0,0.0,0.3797927094288545,0.0,0.0,0.0,3.4966976452684784,0.0,2881,2881,1835541,21312.5100440979,430.86090907640755,6.686612638347036,4260.170652136118,49.464942386589094,6147.44580078125,6962.0,0.7000458327432474,0.3403091639484046,0.0,0.0,0.47979873480653623,0.0,0.0,0.0,3.5973666162850955,0.0,384,274276,3184.7999968528748,26.9441008977592,14.25172810394038,10179.4452537405,118.20026984525352,2413.01904296875,6962.0,0.6961840678316852,val_loss,0.7000458327432474,0.6961840678316852,39,118121,False
41,0.6979860608071264,0.3428085610543335,0.0,0.0,0.4018152586641214,0.0,0.0,0.0,3.551774930784331,0.0,2881,2881,1835541,21312.510060310364,425.8911122530699,6.764639874165943,4309.883318037636,50.042157366379136,6147.44580078125,6962.0,0.6972979687464734,0.3489564797006703,0.0,0.0,0.3226124513603281,0.0,0.0,0.0,3.4834148256729045,0.0,384,274276,3184.7999968528748,27.013095278292894,14.215327641796518,10153.445844482765,117.89837351264619,2413.01904296875,6962.0,0.6961840678316852,val_loss,0.6972979687464734,0.6961840678316852,39,121002,False
42,0.6988130181624383,0.34451854444105345,0.0,0.0,0.4046226794127063,0.0,0.0,0.0,3.542944681805813,0.0,2881,2881,1835541,21312.510052204132,432.010086145252,6.6688257806817495,4248.83829999943,49.33336219617419,6147.44580078125,6962.0,0.6957974756757418,0.3340712904415947,0.0,0.0,0.49099391387911356,0.0,0.0,0.0,3.617261787876487,0.0,384,274276,3184.7999968528748,26.914628325030208,14.267334304701718,10190.592145198876,118.32970377268995,2413.01904296875,6962.0,0.6957974756757418,val_loss,0.6957974756757418,0.6957974756757418,42,123883,True
43,0.6959131787796478,0.34482455526403266,0.0,0.0,0.357692733867348,0.0,0.0,0.0,3.5108861793808868,0.0,2881,2881,1835541,21312.510050296783,435.226625662297,6.619539867571058,4217.437288462773,48.968764302654776,6147.44580078125,6962.0,0.694676739629358,0.34315014239109587,0.0,0.0,0.32941105995026493,0.0,0.0,0.0,3.515265923614303,0.0,384,274276,3184.7999968528748,26.373670427128673,14.559975679570455,10399.614295546526,120.75679817310916,2413.01904296875,6962.0,0.694676739629358,val_loss,0.694676739629358,0.694676739629358,43,126764,True
44,0.6956072024010569,0.3434951513301269,0.0,0.0,0.3734480636462657,0.0,0.0,0.0,3.5211204406971817,0.0,2881,2881,1835541,21312.51004934311,427.49823361448944,6.7392091322605,4293.680898937373,49.854030668492456,6147.44580078125,6962.0,0.6958237307456633,0.3519081172174386,0.0,0.0,0.37594106742714456,0.0,0.0,0.0,3.439156057468305,0.0,384,274276,3184.7999968528748,26.801603324711323,14.327501058339614,10233.56687572176,118.82871178518116,2413.01904296875,6962.0,0.694676739629358,val_loss,0.6958237307456633,0.694676739629358,43,129645,False
45,0.6937669477128436,0.3456603737645134,0.0,0.0,0.3813060146227288,0.0,0.0,0.0,3.481065682831509,0.0,2881,2881,1835541,21312.51003885269,463.2771502919495,6.21873968570313,3962.079715874769,46.00380145107935,6147.44580078125,6962.0,0.6883253934017072,0.3330286892936177,0.0,0.0,0.41541226343542803,0.0,0.0,0.0,3.552966955738763,0.0,384,274276,3184.7999968528748,27.865333380177617,13.780563640166731,9842.911127527006,114.29254957769231,2413.01904296875,6962.0,0.6883253934017072,val_loss,0.6883253934017072,0.6883253934017072,45,132526,True
46,0.6939945146674209,0.34161033881592207,0.0,0.0,0.40206430938142695,0.0,0.0,0.0,3.523841696495565,0.0,2881,2881,1835541,21312.510045051575,460.27619252353907,6.259285287393313,3987.912105417289,46.30374195154929,6147.44580078125,6962.0,0.6913871060435971,0.33613962726667523,0.0,0.0,0.33025550865325687,0.0,0.0,0.0,3.5524747419791916,0.0,384,274276,3184.7999968528748,27.63524222932756,13.895300674892756,9924.863249757514,115.24414985851092,2413.01904296875,6962.0,0.6883253934017072,val_loss,0.6913871060435971,0.6883253934017072,45,135407,False
47,0.6917280048721576,0.3400014775200834,0.0,0.0,0.3911143003066524,0.0,0.0,0.0,3.517265214435097,0.0,2881,2881,1835541,21312.51003551483,475.67281247116625,6.056684183888767,3858.831011308355,44.80497828916116,6147.44580078125,6962.0,0.693158098962158,0.3309329079735714,0.0,0.0,0.47675463852647226,0.0,0.0,0.0,3.6222518351860344,0.0,384,274276,3184.7999968528748,27.349076956510544,14.040693242065249,10028.711405366375,116.4499994613062,2413.01904296875,6962.0,0.6883253934017072,val_loss,0.693158098962158,0.6883253934017072,45,138288,False
48,0.6922473300976374,0.34399473249876056,0.0,0.0,0.3817271223609846,0.0,0.0,0.0,3.482525911080014,0.0,2881,2881,1835541,21312.510073184967,473.51401828601956,6.084297167016018,3876.4237786330264,45.00924840690026,6147.44580078125,6962.0,0.6914850752800703,0.33332261499162996,0.0,0.0,0.3241018792856873,0.0,0.0,0.0,3.581624544536074,0.0,384,274276,3184.7999968528748,27.46034998446703,13.983798466414664,9988.073719204032,115.97812841622046,2413.01904296875,6962.0,0.6883253934017072,val_loss,0.6914850752800703,0.6883253934017072,45,141169,False
49,0.6897310115259913,0.3421712567899163,0.0,0.0,0.35843504052182495,0.0,0.0,0.0,3.4755974871567745,0.0,2881,2881,1835541,21312.51004219055,464.0824242103845,6.207948954114978,3955.2047314075535,45.92397585073995,6147.44580078125,6962.0,0.6912196304959556,0.3426154613844119,0.0,0.0,0.38325462561382057,0.0,0.0,0.0,3.4860416231676936,0.0,384,274276,3184.7999968528748,28.23954478651285,13.5979529026756,9712.479506078782,112.77802177512184,2413.01904296875,6962.0,0.6883253934017072,val_loss,0.6912196304959556,0.6883253934017072,45,144050,False
50,0.6902294077111052,0.34958568179390936,0.0,0.0,0.36788946764814545,0.0,0.0,0.0,3.4064371981830988,0.0,2881,2881,1835541,21312.5100274086,488.8450267277658,5.893483297324016,3754.852559893586,43.59768200992127,6147.44580078125,6962.0,0.684878453767548,0.34082184128540877,0.0,0.0,0.39222349945824436,0.0,0.0,0.0,3.4405660540796816,0.0,384,274276,3184.7999968528748,27.049547279253602,14.19617104995023,10139.763049208723,117.73949352917803,2413.01904296875,6962.0,0.684878453767548,val_loss,0.684878453767548,0.684878453767548,50,146931,True
51,0.6874436315398629,0.34412886179965513,0.0,0.0,0.419825864247189,0.0,0.0,0.0,3.4331476362121474,0.0,2881,2881,1835541,21312.510009288788,450.28484883345664,6.398172195808376,4076.3996495891365,47.33117284426215,6147.44580078125,6962.0,0.691359356433774,0.3371163763780108,0.0,0.0,0.39245717078544357,0.0,0.0,0.0,3.5424297500091293,0.0,384,274276,3184.7999968528748,27.569984102621675,13.928190838655029,9948.35539183059,115.51693265394472,2413.01904296875,6962.0,0.684878453767548,val_loss,0.691359356433774,0.684878453767548,50,149812,False
52,0.6884161591198824,0.34529718200048043,0.0,0.0,0.36976213840052036,0.0,0.0,0.0,3.4311897142795753,0.0,2881,2881,1835541,21312.510023593903,466.5110766142607,6.175630428561472,3934.6139717015453,45.684896012054104,6147.44580078125,6962.0,0.6886548301360259,0.3428483933287983,0.0,0.0,0.45216252384610317,0.0,0.0,0.0,3.458064327326914,0.0,384,274276,3184.7999968528748,27.74605417996645,13.839805743523,9885.225416954465,114.78388877191783,2413.01904296875,6962.0,0.684878453767548,val_loss,0.6886548301360259,0.684878453767548,50,152693,False
53,0.6862156674477923,0.3378483094100435,0.0,0.0,0.378603002494825,0.0,0.0,0.0,3.483673520404322,0.0,2881,2881,1835541,21312.51005268097,482.1184949260205,5.975709354278309,3807.2403762101217,44.20595823844365,6147.44580078125,6962.0,0.6847119171482822,0.34185861771887477,0.0,0.0,0.38278592972346814,0.0,0.0,0.0,3.4285329344371953,0.0,384,274276,3184.7999968528748,27.783746691420674,13.821030124730266,9871.814735652391,114.62816848370947,2413.01904296875,6962.0,0.6847119171482822,val_loss,0.6847119171482822,0.6847119171482822,53,155574,True
54,0.6869855649208121,0.34146331201062763,0.0,0.0,0.37754323663101436,0.0,0.0,0.0,3.4552224634712414,0.0,2881,2881,1835541,21312.5100440979,465.98860101774335,6.182554667019207,3939.0255383738636,45.73611886117014,6147.44580078125,6962.0,0.6829880905958513,0.33322797179910896,0.0,0.0,0.320915308810072,0.0,0.0,0.0,3.497601147585859,0.0,384,274276,3184.7999968528748,27.924714302644134,13.751259756438756,9821.98052332551,114.04951049226358,2413.01904296875,6962.0,0.6829880905958513,val_loss,0.6829880905958513,0.6829880905958513,54,158455,True
55,0.6838627732056621,0.34233377964710393,0.0,0.0,0.3789372309435939,0.0,0.0,0.0,3.4152898717799647,0.0,2881,2881,1835541,21312.510026931763,494.5784473475069,5.8251628542472975,3711.3242799888717,43.09227411997778,6147.44580078125,6962.0,0.6833303915336728,0.32786294976540376,0.0,0.0,0.38974950212286785,0.0,0.0,0.0,3.5546743442149213,0.0,384,274276,3184.7999968528748,40.27647150307894,9.534102310095488,6809.831888551433,79.0734609562164,2413.01904296875,6962.0,0.6829880905958513,val_loss,0.6833303915336728,0.6829880905958513,54,161336,False
56,0.6831030062775114,0.3401811303968804,0.0,0.0,0.37154398391528215,0.0,0.0,0.0,3.4292187028587464,0.0,2881,2881,1835541,21312.510061264038,490.5246893465519,5.873302735970127,3741.995132691893,43.44839418716173,6147.44580078125,6962.0,0.6788983155662814,0.34651333663108136,0.0,0.0,0.37215397319960175,0.0,0.0,0.0,3.3238497112567225,0.0,384,274276,3184.7999968528748,26.658772461116314,14.404264133320124,10288.395701641955,119.46536553767164,2413.01904296875,6962.0,0.6788983155662814,val_loss,0.6788983155662814,0.6788983155662814,56,164217,True
57,0.6812804698923403,0.33543481459179736,0.0,0.0,0.3835016530128671,0.0,0.0,0.0,3.458456487011802,0.0,2881,2881,1835541,21312.510047912598,470.07417009584606,6.1288200528282095,3904.7901730608623,45.338611231429866,6147.44580078125,6962.0,0.681625002839913,0.33670464814652706,0.0,0.0,0.4536518752453655,0.0,0.0,0.0,3.4492034909004965,0.0,384,274276,3184.7999968528748,26.71989618241787,14.371313323166214,10264.860242251918,119.1920797562277,2413.01904296875,6962.0,0.6788983155662814,val_loss,0.681625002839913,0.6788983155662814,56,167098,False
58,0.6812332579035264,0.3387790710116707,0.0,0.0,0.3535565577973688,0.0,0.0,0.0,3.4245418089001345,0.0,2881,2881,1835541,21312.51003551483,471.01117889396846,6.116627649401408,3897.0221562686247,45.24841657805449,6147.44580078125,6962.0,0.6793454444656769,0.3239739626151277,0.0,0.0,0.5464921317640498,0.0,0.0,0.0,3.553714756077776,0.0,384,274276,3184.7999968528748,25.82689862139523,14.868219588777531,10619.780718571736,123.3132960925691,2413.01904296875,6962.0,0.6788983155662814,val_loss,0.6793454444656769,0.6788983155662814,56,169979,False
59,0.6799907034074876,0.33958710759622135,0.0,0.0,0.36366360799688424,0.0,0.0,0.0,3.4040358948939295,0.0,2881,2881,1835541,21312.51002407074,440.07759838551283,6.546572719378032,4170.948502568508,48.42898184833472,6147.44580078125,6962.0,0.6842122222296894,0.3373442346637603,0.0,0.0,0.3774608667663415,0.0,0.0,0.0,3.4686797998535135,0.0,384,274276,3184.7999968528748,27.184631627053022,14.125628232455394,10089.37710699202,117.15442903715838,2413.01904296875,6962.0,0.6788983155662814,val_loss,0.6842122222296894,0.6788983155662814,56,172860,False
60,0.679440918087918,0.34050106026293014,0.0,0.0,0.35802375014899807,0.0,0.0,0.0,3.389398525051672,0.0,2881,2881,1835541,21312.51006436348,478.1362550724298,6.0254790751301135,3838.949631045957,44.57413517227424,6147.44580078125,6962.0,0.6794885781904062,0.3282528838511401,0.0,0.0,0.3184954754494053,0.0,0.0,0.0,3.5123568802761533,0.0,384,274276,3184.7999968528748,26.719679605215788,14.371429810297638,10264.943444398945,119.19304587137299,2413.01904296875,6962.0,0.6788983155662814,val_loss,0.6794885781904062,0.6788983155662814,56,175741,False
61,0.6783012985065967,0.3368087168314217,0.0,0.0,0.3856658969502489,0.0,0.0,0.0,3.414925754753015,0.0,2881,2881,1835541,21312.51005077362,465.8434618115425,6.184480917251795,3940.2527897720506,45.75036852056458,6147.44580078125,6962.0,0.6794860280739764,0.3195546203084329,0.0,0.0,0.48211516421482276,0.0,0.0,0.0,3.599314003251493,0.0,384,274276,3184.7999968528748,26.698286030441523,14.382945765213588,10273.168835155526,119.28855632236277,2413.01904296875,6962.0,0.6788983155662814,val_loss,0.6794860280739764,0.6788983155662814,56,178622,False
62,0.6778469487678173,0.3355469542887826,0.0,0.0,0.389096330047683,0.0,0.0,0.0,3.4229998866620472,0.0,2881,2881,1835541,21312.5100274086,456.0731391515583,6.316969259271835,4024.663683142341,46.73046535267715,6147.44580078125,6962.0,0.6777070085518062,0.3306713070681629,0.0,0.0,0.38015680883351405,0.0,0.0,0.0,3.4703569604704776,0.0,384,274276,3184.7999968528748,26.307595867663622,14.59654473679974,10425.734125600222,121.06009279120482,2413.01904296875,6962.0,0.6777070085518062,val_loss,0.6777070085518062,0.6777070085518062,62,181503,True
63,0.6757396446752366,0.33457307437706657,0.0,0.0,0.3963554841755569,0.0,0.0,0.0,3.411665643287673,0.0,2881,2881,1835541,21312.510051250458,480.4496038220823,5.996466595207929,3820.4652171588186,44.35951217714564,6147.44580078125,6962.0,0.6702131848627081,0.3231574403956377,0.0,0.0,0.33221578319838346,0.0,0.0,0.0,3.4705573730170727,0.0,384,274276,3184.7999968528748,26.248766634613276,14.629258789387592,10449.100478432476,121.33141496458721,2413.01904296875,6962.0,0.6702131848627081,val_loss,0.6702131848627081,0.6702131848627081,63,184384,True
64,0.675180369079713,0.3318383911203823,0.0,0.0,0.37995735993165963,0.0,0.0,0.0,3.433419713416227,0.0,2881,2881,1835541,21312.510054588318,452.31992316804826,6.369385588460219,4058.0591435015126,47.118220893998036,6147.44580078125,6962.0,0.6751525256161889,0.32348111415437114,0.0,0.0,0.46017334781208774,0.0,0.0,0.0,3.516714057264229,0.0,384,274276,3184.7999968528748,26.560042414814234,14.457808237001107,10326.640135447176,119.90944694713696,2413.01904296875,6962.0,0.6702131848627081,val_loss,0.6751525256161889,0.6702131848627081,63,187265,False
65,0.675764151225277,0.335015856524162,0.0,0.0,0.40203251996740613,0.0,0.0,0.0,3.4074828818683534,0.0,2881,2881,1835541,21312.510041713715,451.54564525932074,6.380307351531325,4065.0176106689205,47.199015792686986,6147.44580078125,6962.0,0.6790778607440492,0.33939869565195596,0.0,0.0,0.3576168054059963,0.0,0.0,0.0,3.396791581219683,0.0,384,274276,3184.7999968528748,26.61251187697053,14.429303095297037,10306.280041056483,119.67303242836243,2413.01904296875,6962.0,0.6702131848627081,val_loss,0.6790778607440492,0.6702131848627081,63,190146,False
66,0.6748058593591771,0.33267076504318166,0.0,0.0,0.32997015738004415,0.0,0.0,0.0,3.421350884689965,0.0,2881,2881,1835541,21312.510043621063,471.80616954155266,6.106321167439219,3890.455696633999,45.17217327685673,6147.44580078125,6962.0,0.6751226515819629,0.33586044956367306,0.0,0.0,0.3127658174538131,0.0,0.0,0.0,3.3926219704250493,0.0,384,274276,3184.7999968528748,26.26840445958078,14.618322197332587,10441.288903634355,121.24070960432066,2413.01904296875,6962.0,0.6702131848627081,val_loss,0.6751226515819629,0.6702131848627081,63,193027,False
67,0.6740912000820977,0.33701654170316225,0.0,0.0,0.34168640260430455,0.0,0.0,0.0,3.37074651884892,0.0,2881,2881,1835541,21312.51003885269,459.8620535880327,6.264922225091751,3991.5035077983816,46.34544179621634,6147.44580078125,6962.0,0.6765990665492913,0.33784398026182316,0.0,0.0,0.3016679358794742,0.0,0.0,0.0,3.3875507959940783,0.0,384,274276,3184.7999968528748,26.250470327213407,14.628309329829944,10448.422317053224,121.32354038438876,2413.01904296875,6962.0,0.6702131848627081,val_loss,0.6765990665492913,0.6702131848627081,63,195908,False
68,0.673919293645437,0.3369767275835746,0.0,0.0,0.34145408383150694,0.0,0.0,0.0,3.3694256024201765,0.0,2881,2881,1835541,21312.5100440979,484.614343483001,5.9449334068277695,3787.6324229441343,43.97828981065949,6147.44580078125,6962.0,0.6708958212596675,0.3313233946343341,0.0,0.0,0.38498890187232365,0.0,0.0,0.0,3.3957242031271258,0.0,384,274276,3184.7999968528748,26.523560935631394,14.477694037083067,10340.843775299467,120.07437480140374,2413.01904296875,6962.0,0.6702131848627081,val_loss,0.6708958212596675,0.6702131848627081,63,198789,False
69,0.673887962415292,0.33479411540808673,0.0,0.0,0.35323569743678424,0.0,0.0,0.0,3.3909384173802395,0.0,2881,2881,1835541,21312.51005935669,459.97596225328743,6.263370776783259,3990.515049978313,46.3339648336251,6147.44580078125,6962.0,0.6744972034357488,0.3332057585939765,0.0,0.0,0.42912036613900756,0.0,0.0,0.0,3.412914412251363,0.0,384,274276,3184.7999968528748,26.59477087110281,14.43892868493349,10313.15521872088,119.7528646623309,2413.01904296875,6962.0,0.6702131848627081,val_loss,0.6744972034357488,0.6702131848627081,63,201670,False
70,0.6711653371893338,0.3346065162464133,0.0,0.0,0.31724876853165757,0.0,0.0,0.0,3.3655881474349947,0.0,2881,2881,1835541,21312.51003885269,461.0074216108769,6.249357092632164,3981.586659898346,46.230297040297906,6147.44580078125,6962.0,0.6640737283354005,0.32368087886667735,0.0,0.0,0.379758550717573,0.0,0.0,0.0,3.4039284237660468,0.0,384,274276,3184.7999968528748,26.835359012708068,14.309478767105526,10220.694266475612,118.67923940740613,2413.01904296875,6962.0,0.6640737283354005,val_loss,0.6640737283354005,0.6640737283354005,70,204551,True
71,0.6702255036052173,0.3373863081005232,0.0,0.0,0.3310046911812447,0.0,0.0,0.0,3.3283918980238796,0.0,2881,2881,1835541,21312.510038375854,471.2652145642787,6.113330479237065,3894.9214651819784,45.22402541015238,6147.44580078125,6962.0,0.6698172978746394,0.33729369422265637,0.0,0.0,0.30415630465965177,0.0,0.0,0.0,3.3252359852194786,0.0,384,274276,3184.7999968528748,26.322168421000242,14.588463756414487,10419.962201183178,120.99307116020088,2413.01904296875,6962.0,0.6640737283354005,val_loss,0.6698172978746394,0.6640737283354005,70,207432,False
72,0.6686478791262531,0.33478217526442117,0.0,0.0,0.3961441923444913,0.0,0.0,0.0,3.3386569778896877,0.0,2881,2881,1835541,21312.510024547577,460.4094768371433,6.257473281808818,3986.7576415010894,46.29033739912845,6147.44580078125,6962.0,0.6662214713481566,0.3318771624326473,0.0,0.0,0.30552429218611604,0.0,0.0,0.0,3.343443022109568,0.0,384,274276,3184.7999968528748,25.88227901980281,14.836406009926618,10597.057538486024,123.04944222323506,2413.01904296875,6962.0,0.6640737283354005,val_loss,0.6662214713481566,0.6640737283354005,70,210313,False
73,0.6696563110360666,0.33256521805780154,0.0,0.0,0.352823681854609,0.0,0.0,0.0,3.37091086677113,0.0,2881,2881,1835541,21312.51002550125,481.22166896238923,5.986845950249946,3814.3357175868573,44.28834235884538,6147.44580078125,6962.0,0.6703086115109423,0.3095007386436919,0.0,0.0,0.4674084635989857,0.0,0.0,0.0,3.608078660986697,0.0,384,274276,3184.7999968528748,26.74450253508985,14.358090957054698,10255.416029523787,119.08241675739866,2413.01904296875,6962.0,0.6640737283354005,val_loss,0.6703086115109423,0.6640737283354005,70,213194,False
74,0.6669203999947856,0.3270915915923829,0.0,0.0,0.38536420303724345,0.0,0.0,0.0,3.3982880221642953,0.0,2881,2881,1835541,21312.510006427765,468.46630671806633,6.149855301619058,3918.1921382121304,45.49422167783374,6147.44580078125,6962.0,0.667663240727658,0.32752998151894036,0.0,0.0,0.3001584184530657,0.0,0.0,0.0,3.401332524139434,0.0,384,274276,3184.7999968528748,26.184615256264806,14.665099954375918,10474.700403870858,121.62867262641542,2413.01904296875,6962.0,0.6640737283354005,val_loss,0.667663240727658,0.6640737283354005,70,216075,False
75,0.6675780815140566,0.3315930917567494,0.0,0.0,0.3373827665338874,0.0,0.0,0.0,3.3598498458541215,0.0,2881,2881,1835541,21312.510023117065,448.3323918953538,6.426035798618941,4094.152091576817,47.53729689933192,6147.44580078125,6962.0,0.6719945871736854,0.3315634540534423,0.0,0.0,0.4296042226220986,0.0,0.0,0.0,3.4043112612950304,0.0,384,274276,3184.7999968528748,26.85828098654747,14.297266462895909,10211.971500982392,118.57795360946771,2413.01904296875,6962.0,0.6640737283354005,val_loss,0.6719945871736854,0.6640737283354005,70,218956,False
76,0.6667591194153163,0.33298195829338284,0.0,0.0,0.3542952588376295,0.0,0.0,0.0,3.337771550291572,0.0,2881,2881,1835541,21312.510048866272,473.61847074329853,6.082955327900426,3875.5688668967987,44.999321955113665,6147.44580078125,6962.0,0.6655709890959164,0.3272727509611286,0.0,0.0,0.37425599183916347,0.0,0.0,0.0,3.3829823332683495,0.0,384,274276,3184.7999968528748,26.299618385732174,14.600972317085944,10428.896570940273,121.09681403516726,2413.01904296875,6962.0,0.6640737283354005,val_loss,0.6655709890959164,0.6640737283354005,70,221837,False
77,0.666467848615653,0.3275104899082885,0.0,0.0,0.35093349310207733,0.0,0.0,0.0,3.3895735329159926,0.0,2881,2881,1835541,21312.51002931595,458.000595157966,6.2903848389243535,4007.726233121849,46.53380422347527,6147.44580078125,6962.0,0.6661619041891148,0.3276917220161219,0.0,0.0,0.37032367121961823,0.0,0.0,0.0,3.38470176467672,0.0,384,274276,3184.7999968528748,26.387569973245263,14.552306271071688,10394.136340636609,120.69319001643537,2413.01904296875,6962.0,0.6640737283354005,val_loss,0.6661619041891148,0.6640737283354005,70,224718,False
78,0.6646119965753056,0.3291532772488786,0.0,0.0,0.3758362743166928,0.0,0.0,0.0,3.354587130013211,0.0,2881,2881,1835541,21312.510056972504,475.9062038883567,6.053713896690148,3856.938583701677,44.78300531247587,6147.44580078125,6962.0,0.6609242769579092,0.3257388034738445,0.0,0.0,0.3745517396843449,0.0,0.0,0.0,3.351854661324372,0.0,384,274276,3184.7999968528748,27.00873153656721,14.217624381215428,10155.08631453709,117.91742209518294,2413.01904296875,6962.0,0.6609242769579092,val_loss,0.6609242769579092,0.6609242769579092,78,227599,True
79,0.6664839749512512,0.33001252427517447,0.0,0.0,0.35786886873316565,0.0,0.0,0.0,3.3647144420285144,0.0,2881,2881,1835541,21312.510071754456,444.9510431494564,6.474869638708296,4125.265078620016,47.89855063806584,6147.44580078125,6962.0,0.6680325559961299,0.33833053288496256,0.0,0.0,0.3658364353444388,0.0,0.0,0.0,3.297020174562931,0.0,384,274276,3184.7999968528748,26.842665823176503,14.305583600733375,10217.912103319653,118.64693387133903,2413.01904296875,6962.0,0.6609242769579092,val_loss,0.6680325559961299,0.6609242769579092,78,230480,False
80,0.6654001775920826,0.33440553469795775,0.0,0.0,0.37908764816309864,0.0,0.0,0.0,3.309946363272662,0.0,2881,2881,1835541,21312.510035037994,460.8134372755885,6.251987826207906,3983.262751303536,46.24975816903554,6147.44580078125,6962.0,0.6649764974135906,0.31665360459980246,0.0,0.0,0.31695388853161904,0.0,0.0,0.0,3.4832288694257536,0.0,384,274276,3184.7999968528748,25.82862683199346,14.867224746316984,10619.070141981347,123.30504511792007,2413.01904296875,6962.0,0.6609242769579092,val_loss,0.6649764974135906,0.6609242769579092,78,233361,False
81,0.6631338675375491,0.3300083255238834,0.0,0.0,0.35862939731152943,0.0,0.0,0.0,3.331255367391021,0.0,2881,2881,1835541,21312.510031223297,475.0249663107097,6.064944380450864,3864.093742810538,44.866083980274354,6147.44580078125,6962.0,0.6608289426658303,0.3178154655324761,0.0,0.0,0.31871720337706694,0.0,0.0,0.0,3.4301347183063626,0.0,384,274276,3184.7999968528748,26.558628503233194,14.458577932714132,10327.189898627867,119.91583061095055,2413.01904296875,6962.0,0.6608289426658303,val_loss,0.6608289426658303,0.6608289426658303,81,236242,True
82,0.6624404099284672,0.3305311541776769,0.0,0.0,0.3401536022279643,0.0,0.0,0.0,3.3190924995725912,0.0,2881,2881,1835541,21312.510051727295,466.472361324355,6.176142980519991,3934.940528499356,45.68868773107854,6147.44580078125,6962.0,0.6599543011592081,0.328989161180895,0.0,0.0,0.30300349283546285,0.0,0.0,0.0,3.3096513603813946,0.0,384,274276,3184.7999968528748,26.290800843387842,14.605869265354704,10432.394267251111,121.13742809983114,2413.01904296875,6962.0,0.6599543011592081,val_loss,0.6599543011592081,0.6599543011592081,82,239123,True
83,0.6625367042423329,0.3307364455390953,0.0,0.0,0.3616866334889398,0.0,0.0,0.0,3.318002524360606,0.0,2881,2881,1835541,21312.51003932953,471.42466975934803,6.111262699660346,3893.6040426925547,45.20872878843846,6147.44580078125,6962.0,0.665353304396073,0.3262793482572306,0.0,0.0,0.4477868795147515,0.0,0.0,0.0,3.390739505024006,0.0,384,274276,3184.7999968528748,26.54752673767507,14.464624286640015,10331.508569902284,119.96597755877379,2413.01904296875,6962.0,0.6599543011592081,val_loss,0.665353304396073,0.6599543011592081,82,242004,False
84,0.6624952481877924,0.32986136772588226,0.0,0.0,0.3668697407929481,0.0,0.0,0.0,3.3263387472337422,0.0,2881,2881,1835541,21312.510015964508,466.0199485551566,6.182138788118883,3938.7605738571756,45.73304229151905,6147.44580078125,6962.0,0.6676108051712314,0.32277258600030717,0.0,0.0,0.30041534966342925,0.0,0.0,0.0,3.4483821280300617,0.0,384,274276,3184.7999968528748,26.654118416830897,14.40677924494854,10290.19214632163,119.4862252447192,2413.01904296875,6962.0,0.6599543011592081,val_loss,0.6676108051712314,0.6599543011592081,82,244885,False
85,0.6614618435662392,0.3287839063005868,0.0,0.0,0.3444776977653234,0.0,0.0,0.0,3.3267793145000994,0.0,2881,2881,1835541,21312.510033607483,456.897889489308,6.305566443347336,4017.3987278681752,46.64611179847926,6147.44580078125,6962.0,0.6563122373384734,0.327166560125382,0.0,0.0,0.2884459366080894,0.0,0.0,0.0,3.291456710236768,0.0,384,274276,3184.7999968528748,26.688465148210526,14.388238434376484,10276.949179237095,119.33245239718917,2413.01904296875,6962.0,0.6563122373384734,val_loss,0.6563122373384734,0.6563122373384734,85,247766,True
86,0.6606156274143584,0.33096516102598317,0.0,0.0,0.35144541330644596,0.0,0.0,0.0,3.296504614130568,0.0,2881,2881,1835541,21312.510012626648,475.2077013924718,6.062612183173765,3862.607854673709,44.84883125878624,6147.44580078125,6962.0,0.6654544554185122,0.310867069735347,0.0,0.0,0.32646289852952276,0.0,0.0,0.0,3.5458738023104766,0.0,384,274276,3184.7999968528748,26.420818140730262,14.533993533229262,10381.056276874971,120.54130874710484,2413.01904296875,6962.0,0.6563122373384734,val_loss,0.6654544554185122,0.6563122373384734,85,250647,False
87,0.6607365533735388,0.32800961304239407,0.0,0.0,0.39367670053793963,0.0,0.0,0.0,3.327269340153164,0.0,2881,2881,1835541,21312.510047912598,446.37804691679776,6.454170450136409,4112.07722395482,47.74542609145186,6147.44580078125,6962.0,0.6584689175554862,0.3149303105310537,0.0,0.0,0.3858148471820944,0.0,0.0,0.0,3.435386011066536,0.0,384,274276,3184.7999968528748,26.89439678005874,14.278067031595318,10198.258107181868,118.4187183262758,2413.01904296875,6962.0,0.6563122373384734,val_loss,0.6584689175554862,0.6563122373384734,85,253528,False
88,0.658585016034784,0.3281042555131145,0.0,0.0,0.33510729177256593,0.0,0.0,0.0,3.304807545295899,0.0,2881,2881,1835541,21312.5100440979,455.2236615046859,6.328757144295198,4032.173973410883,46.8176675475348,6147.44580078125,6962.0,0.6612465102225542,0.3299232649151236,0.0,0.0,0.36523012469842797,0.0,0.0,0.0,3.3132323942457638,0.0,384,274276,3184.7999968528748,26.774315869435668,14.342103151115685,10243.996572592203,118.94981789202302,2413.01904296875,6962.0,0.6563122373384734,val_loss,0.6612465102225542,0.6563122373384734,85,256409,False
89,0.6591373298864156,0.3299911801393911,0.0,0.0,0.3569889183310389,0.0,0.0,0.0,3.2914614455644475,0.0,2881,2881,1835541,21312.510048866272,458.50981355272233,6.283398773249429,4003.2752751298267,46.482124087439246,6147.44580078125,6962.0,0.6606957140999535,0.32916097031860164,0.0,0.0,0.4914561611343136,0.0,0.0,0.0,3.315347367276748,0.0,384,274276,3184.7999968528748,26.693150509148836,14.385712914194503,10275.145300139613,119.31150636420055,2413.01904296875,6962.0,0.6563122373384734,val_loss,0.6606957140999535,0.6563122373384734,85,259290,False
90,0.6575731481996024,0.3269462219721656,0.0,0.0,0.3720457938621619,0.0,0.0,0.0,3.3062692032593564,0.0,2881,2881,1835541,21312.510038375854,441.45231395214796,6.526186201647799,4157.959856563278,48.278170404348735,6147.44580078125,6962.0,0.655484434372435,0.3185303270050402,0.0,0.0,0.2998391534201801,0.0,0.0,0.0,3.369541003524015,0.0,384,274276,3184.7999968528748,26.05483783967793,14.738145843119426,10526.874190800583,122.23449696558322,2413.01904296875,6962.0,0.655484434372435,val_loss,0.655484434372435,0.655484434372435,90,262171,True
91,0.6571191150626554,0.3250674796678612,0.0,0.0,0.38736125627511264,0.0,0.0,0.0,3.32051628905632,0.0,2881,2881,1835541,21312.510058879852,467.2971302010119,6.16524222770363,3927.9954473729085,45.6080482448332,6147.44580078125,6962.0,0.656480309786275,0.31608273883224075,0.0,0.0,0.3856709701382594,0.0,0.0,0.0,3.403975651909908,0.0,384,274276,3184.7999968528748,26.267534906044602,14.61880611840874,10441.634549303843,121.24472312474204,2413.01904296875,6962.0,0.655484434372435,val_loss,0.656480309786275,0.655484434372435,90,265052,False
92,0.6583827879746644,0.33263937796148285,0.0,0.0,0.3467241165236916,0.0,0.0,0.0,3.2574340439182072,0.0,2881,2881,1835541,21312.51002931595,458.4954373333603,6.283595790518845,4003.400798654895,46.483581501423245,6147.44580078125,6962.0,0.6613039568377038,0.3169326210578826,0.0,0.0,0.3171766157004943,0.0,0.0,0.0,3.443713305518031,0.0,384,274276,3184.7999968528748,27.03514287993312,14.20373480937009,10145.165543163519,117.80222545880451,2413.01904296875,6962.0,0.655484434372435,val_loss,0.6613039568377038,0.655484434372435,90,267933,False
93,0.6578082200430698,0.3288814111631163,0.0,0.0,0.3419046690264062,0.0,0.0,0.0,3.289268032673207,0.0,2881,2881,1835541,21312.51002407074,461.0357091818005,6.2489736535005225,3981.3423633877132,46.22746047566256,6147.44580078125,6962.0,0.6578845013088236,0.32338980108033866,0.0,0.0,0.2940012237328726,0.0,0.0,0.0,3.3449469337550304,0.0,384,274276,3184.7999968528748,26.106372928246856,14.709052117481841,10506.093694204295,121.99320087881493,2413.01904296875,6962.0,0.655484434372435,val_loss,0.6578845013088236,0.655484434372435,90,270814,False
94,0.6559582846895434,0.3302797527144269,0.0,0.0,0.32054249588393663,0.0,0.0,0.0,3.256785261024828,0.0,2881,2881,1835541,21312.510027885437,473.17534664832056,6.088651956208643,3879.198299323558,45.041463336689,6147.44580078125,6962.0,0.6579118000033001,0.33418678942446906,0.0,0.0,0.3563207974463391,0.0,0.0,0.0,3.237250044476241,0.0,384,274276,3184.7999968528748,26.939694602042437,14.254059137362566,10181.110218643895,118.21960285367966,2413.01904296875,6962.0,0.655484434372435,val_loss,0.6579118000033001,0.655484434372435,90,273695,False
95,0.6556251976834283,0.32975341144904585,0.0,0.0,0.35675585141527655,0.0,0.0,0.0,3.2587178050437267,0.0,2881,2881,1835541,21312.510026454926,457.62911715358496,6.295491025395369,4010.9794835977928,46.571577785559114,6147.44580078125,6962.0,0.6573144209881624,0.32457186258397996,0.0,0.0,0.4276523667188788,0.0,0.0,0.0,3.327425506276389,0.0,384,274276,3184.7999968528748,26.56282887235284,14.45629160377852,10325.55686436968,119.89686837035956,2413.01904296875,6962.0,0.655484434372435,val_loss,0.6573144209881624,0.655484434372435,90,276576,False
96,0.6554326095522298,0.32721133721754453,0.0,0.0,0.3713352606647655,0.0,0.0,0.0,3.2822126636319755,0.0,2881,2881,1835541,21312.5100107193,482.9820624999702,5.965024839820377,3800.433064737499,44.12691829672373,6147.44580078125,6962.0,0.6534400256350636,0.3132018482040924,0.0,0.0,0.3756470954006848,0.0,0.0,0.0,3.4023817169945687,0.0,384,274276,3184.7999968528748,26.17594383843243,14.669958125299683,10478.170403059103,121.66896508147457,2413.01904296875,6962.0,0.6534400256350636,val_loss,0.6534400256350636,0.6534400256350636,96,279457,True
97,0.6537836874702332,0.3242985943540173,0.0,0.0,0.35679189820154206,0.0,0.0,0.0,3.294850869275596,0.0,2881,2881,1835541,21312.510037899017,457.20825993828475,6.3012859837416,4014.671563999667,46.61444664358391,6147.44580078125,6962.0,0.6554092816853275,0.31801928860659245,0.0,0.0,0.36985893118253443,0.0,0.0,0.0,3.37389987319087,0.0,384,274276,3184.7999968528748,26.684857876971364,14.390183442999945,10278.338421906908,119.34858381244405,2413.01904296875,6962.0,0.6534400256350636,val_loss,0.6554092816853275,0.6534400256350636,96,282338,False
98,0.6545855152197324,0.32780834865885317,0.0,0.0,0.33158752857715523,0.0,0.0,0.0,3.267771603569973,0.0,2881,2881,1835541,21312.510043621063,438.20070695504546,6.5746128526797625,4188.813415557329,48.636411820776665,6147.44580078125,6962.0,0.6544134982395917,0.32116193737723125,0.0,0.0,0.36933279491737875,0.0,0.0,0.0,3.3325155517086387,0.0,384,274276,3184.7999968528748,26.782685613259673,14.337621161108945,10240.795264542492,118.91264538744136,2413.01904296875,6962.0,0.6534400256350636,val_loss,0.6544134982395917,0.6534400256350636,96,285219,False
99,0.652890233333969,0.3235937976529702,0.0,0.0,0.43072251179693566,0.0,0.0,0.0,3.292964306516144,0.0,2881,2881,1835541,21312.510045528412,476.54987921379507,6.045537152906284,3851.7290215837393,44.722516939233046,6147.44580078125,6962.0,0.6524818485292295,0.3178095040881696,0.0,0.0,0.37125860630961444,0.0,0.0,0.0,3.3467233811194697,0.0,384,274276,3184.7999968528748,26.525845596566796,14.476447078833203,10339.953122380353,120.06403284142915,2413.01904296875,6962.0,0.6524818485292295,val_loss,0.6524818485292295,0.6524818485292295,99,288100,True
100,0.6538753201671046,0.3234065181314842,0.0,0.0,0.3608705004245943,0.0,0.0,0.0,3.3046879665237547,0.0,2881,2881,1835541,21312.510021209717,460.5463376529515,6.255613744932223,3985.572894476445,46.27658126611776,6147.44580078125,6962.0,0.6521871130292615,0.31526281556580216,0.0,0.0,0.3687880933163494,0.0,0.0,0.0,3.369242917280644,0.0,384,274276,3184.7999968528748,26.105119677260518,14.70975826762795,10506.598069301885,121.99905751158344,2413.01904296875,6962.0,0.6521871130292615,val_loss,0.6521871130292615,0.6521871130292615,100,290981,True
101,0.6530580718622403,0.3274513339366491,0.0,0.0,0.34475817204527726,0.0,0.0,0.0,3.2560673180097344,0.0,2881,2881,1835541,21312.510056972504,443.56548405997455,6.495095095384968,4138.151109502957,48.04817061485072,6147.44580078125,6962.0,0.653392371100684,0.31786615516951616,0.0,0.0,0.2955060857057106,0.0,0.0,0.0,3.3552621155201146,0.0,384,274276,3184.7999968528748,26.834525490179658,14.309923242001366,10221.011737299914,118.68292577106988,2413.01904296875,6962.0,0.6521871130292615,val_loss,0.653392371100684,0.6521871130292615,100,293862,False
102,0.6522603087005662,0.32299414743020866,0.0,0.0,0.378205889931963,0.0,0.0,0.0,3.292661549915915,0.0,2881,2881,1835541,21312.510038375854,477.602411005646,6.032214104475997,3843.240648921894,44.623958228142,6147.44580078125,6962.0,0.6517058019526303,0.31176619634849584,0.0,0.0,0.38075271580843645,0.0,0.0,0.0,3.399396019987762,0.0,384,274276,3184.7999968528748,27.105137906968594,14.167055755922775,10118.9671471653,117.49801855957644,2413.01904296875,6962.0,0.6517058019526303,val_loss,0.6517058019526303,0.6517058019526303,102,296743,True
103,0.6516456373840188,0.3274168953977083,0.0,0.0,0.3509829308658564,0.0,0.0,0.0,3.2422873550345193,0.0,2881,2881,1835541,21312.51005268097,442.05395191535354,6.517304024807512,4152.300849357586,48.21246356997162,6147.44580078125,6962.0,0.6544791473230968,0.32478703887803323,0.0,0.0,0.290125697623201,0.0,0.0,0.0,3.2969210411732397,0.0,384,274276,3184.7999968528748,27.3343406021595,14.0482627910791,10034.118034598989,116.51277940837781,2413.01904296875,6962.0,0.6517058019526303,val_loss,0.6544791473230968,0.6517058019526303,102,299624,False
104,0.6513849523219745,0.3230684518953737,0.0,0.0,0.3843078141080339,0.0,0.0,0.0,3.2831649374047407,0.0,2881,2881,1835541,21312.510049819946,449.8133774679154,6.404878432512821,4080.6723231145493,47.38078304783218,6147.44580078125,6962.0,0.6499248184263706,0.31233477770971757,0.0,0.0,0.36438554907120607,0.0,0.0,0.0,3.3759003574959934,0.0,384,274276,3184.7999968528748,26.943945003673434,14.25181056254557,10179.5041506582,118.20095373630963,2413.01904296875,6962.0,0.6499248184263706,val_loss,0.6499248184263706,0.6499248184263706,104,302505,True
105,0.6494241918242255,0.32221363876267095,0.0,0.0,0.37404442342604016,0.0,0.0,0.0,3.272105474101301,0.0,2881,2881,1835541,21312.510053634644,445.6555684451014,6.4646336857224735,4118.743554364705,47.82282902465304,6147.44580078125,6962.0,0.6534483284534266,0.32187738497547497,0.0,0.0,0.3547080931408952,0.0,0.0,0.0,3.315709371740619,0.0,384,274276,3184.7999968528748,27.168622694909573,14.133951665939541,10095.322206060504,117.22346151354931,2413.01904296875,6962.0,0.6499248184263706,val_loss,0.6534483284534266,0.6499248184263706,104,305386,False
106,0.6502874663661479,0.32837392551923367,0.0,0.0,0.33751387562549745,0.0,0.0,0.0,3.2191353504834015,0.0,2881,2881,1835541,21312.51004934311,449.22545475140214,6.413260801515183,4086.012893048935,47.44279253084019,6147.44580078125,6962.0,0.6526780844821284,0.3220774963653336,0.0,0.0,0.2973839107095652,0.0,0.0,0.0,3.306005830876529,0.0,384,274276,3184.7999968528748,26.81950208172202,14.317939193274695,10226.73721399638,118.74940806687735,2413.01904296875,6962.0,0.6499248184263706,val_loss,0.6526780844821284,0.6499248184263706,104,308267,False
107,0.648964924960863,0.32158546202972205,0.0,0.0,0.3378704303742381,0.0,0.0,0.0,3.273794577254971,0.0,2881,2881,1835541,21312.510044574738,471.9958166703582,6.103867657818862,3888.892518049459,45.154023175293084,6147.44580078125,6962.0,0.6531017613597214,0.3125798666126987,0.0,0.0,0.3153257428178525,0.0,0.0,0.0,3.4052189108915627,0.0,384,274276,3184.7999968528748,27.233236081898212,14.100417550275736,10071.370114633926,116.94533794203747,2413.01904296875,6962.0,0.6499248184263706,val_loss,0.6531017613597214,0.6499248184263706,104,311148,False
108,0.6479204950523807,0.32400321416170214,0.0,0.0,0.32724395351234215,0.0,0.0,0.0,3.23917275365133,0.0,2881,2881,1835541,21312.510053873062,453.1757295168936,6.3573572288861975,4050.395642230823,47.02923979753547,6147.44580078125,6962.0,0.6540247119652728,0.31184259347598225,0.0,0.0,0.3201158627174057,0.0,0.0,0.0,3.42182113439776,0.0,384,274276,3184.7999968528748,26.847485778853297,14.303015305159846,10216.077671453182,118.62563306994713,2413.01904296875,6962.0,0.6499248184263706,val_loss,0.6540247119652728,0.6499248184263706,104,314029,False
109,0.6476780962546804,0.320042499541979,0.0,0.0,0.37857472107166096,0.0,0.0,0.0,3.2763559061261938,0.0,2881,2881,1835541,21312.51003551483,457.58519842103124,6.296095262568234,4011.36445482463,46.57604771539148,6147.44580078125,6962.0,0.649933977983892,0.32526261373520055,0.0,0.0,0.3576189353480004,0.0,0.0,0.0,3.2467135856859386,0.0,384,274276,3184.7999968528748,27.08092177286744,14.179724132755783,10128.015667280535,117.60308690983139,2413.01904296875,6962.0,0.6499248184263706,val_loss,0.649933977983892,0.6499248184263706,104,316910,False
110,0.6468301413477977,0.32029110507658787,0.0,0.0,0.34285210432431085,0.0,0.0,0.0,3.265390306080186,0.0,2881,2881,1835541,21312.51004743576,489.7961666341871,5.882038685189886,3747.560975443293,43.51301929105008,6147.44580078125,6962.0,0.6517669158056378,0.32475540706460987,0.0,0.0,0.3502372911195077,0.0,0.0,0.0,3.2701150442784033,0.0,384,274276,3184.7999968528748,27.048937102779746,14.196491290614793,10139.991784439226,117.74214952518713,2413.01904296875,6962.0,0.6499248184263706,val_loss,0.6517669158056378,0.6499248184263706,104,319791,False
111,0.6480294443260916,0.3213949225052896,0.0,0.0,0.35798802834614485,0.0,0.0,0.0,3.266345152855747,0.0,2881,2881,1835541,21312.50998687744,462.7643976416439,6.225630179595174,3966.46978322954,46.054774514830875,6147.44580078125,6962.0,0.6500703926042964,0.31484863357036375,0.0,0.0,0.36408436563942814,0.0,0.0,0.0,3.352217549458146,0.0,384,274276,3184.7999968528748,26.899543100968003,14.275335404718508,10196.307014230659,118.39606289588863,2413.01904296875,6962.0,0.6499248184263706,val_loss,0.6500703926042964,0.6499248184263706,104,322672,False
112,0.6468339037849687,0.3193677586707145,0.0,0.0,0.41500960274979976,0.0,0.0,0.0,3.2746613956457704,0.0,2881,2881,1835541,21312.510033607483,480.35639481805265,5.997630157690006,3821.2065453927357,44.36811972010937,6147.44580078125,6962.0,0.649180778224642,0.31584795750677586,0.0,0.0,0.30060202987321344,0.0,0.0,0.0,3.333328157197684,0.0,384,274276,3184.7999968528748,26.400235461071134,14.545324815993895,10389.149763623807,120.63528757344115,2413.01904296875,6962.0,0.649180778224642,val_loss,0.649180778224642,0.649180778224642,112,325553,True
113,0.6471278878373017,0.32321389924207267,0.0,0.0,0.3621560825188203,0.0,0.0,0.0,3.2391398287158757,0.0,2881,2881,1835541,21312.51006269455,450.57583317160606,6.39404022120011,4073.767088393569,47.30060623241966,6147.44580078125,6962.0,0.6460330840976288,0.3120837958122138,0.0,0.0,0.3679602252426169,0.0,0.0,0.0,3.339492795368036,0.0,384,274276,3184.7999968528748,26.736549707129598,14.362361793361922,10258.4665188441,119.11783800598671,2413.01904296875,6962.0,0.6460330840976288,val_loss,0.6460330840976288,0.6460330840976288,113,328434,True
114,0.645538318213056,0.31987632749536254,0.0,0.0,0.3449429382112023,0.0,0.0,0.0,3.256619853894357,0.0,2881,2881,1835541,21312.510036468506,448.04947317391634,6.430093488541391,4096.737324557706,47.56731413049954,6147.44580078125,6962.0,0.6526645650155842,0.3229442853965641,0.0,0.0,0.3535440057627663,0.0,0.0,0.0,3.297202734897534,0.0,384,274276,3184.7999968528748,26.51930856332183,14.480015535966896,10342.501930059521,120.09362873275246,2413.01904296875,6962.0,0.6460330840976288,val_loss,0.6526645650155842,0.6460330840976288,113,331315,False
115,0.646792666722155,0.3276515230976099,0.0,0.0,0.3362550503693596,0.0,0.0,0.0,3.1914113778200717,0.0,2881,2881,1835541,21312.5100274086,467.13874441571534,6.1673325846766955,3929.3272543596136,45.62351181995344,6147.44580078125,6962.0,0.6471949763751278,0.30832375459916267,0.0,0.0,0.3749585640010385,0.0,0.0,0.0,3.3887121685159705,0.0,384,274276,3184.7999968528748,26.855331398546696,14.298836767316175,10213.093107271903,118.59097732174043,2413.01904296875,6962.0,0.6460330840976288,val_loss,0.6471949763751278,0.6460330840976288,113,334196,False
116,0.6468112238141986,0.324801455981317,0.0,0.0,0.35234189745658123,0.0,0.0,0.0,3.2200976179131033,0.0,2881,2881,1835541,21312.510072231293,456.10097651928663,6.31658371351497,4024.4180444599037,46.727613334390824,6147.44580078125,6962.0,0.651859458303079,0.3151372658709685,0.0,0.0,0.4216300420812331,0.0,0.0,0.0,3.3672218648716807,0.0,384,274276,3184.7999968528748,26.62686293758452,14.421526144485233,10300.725272929249,119.60853234263078,2413.01904296875,6962.0,0.6460330840976288,val_loss,0.651859458303079,0.6460330840976288,113,337077,False
117,0.6452963289619527,0.3235905829085511,0.0,0.0,0.316073209686733,0.0,0.0,0.0,3.2170574011301176,0.0,2881,2881,1835541,21312.51003742218,467.16072037257254,6.167042463891932,3929.1424127784317,45.62136564141119,6147.44580078125,6962.0,0.6442265949832896,0.31686033826554194,0.0,0.0,0.2973731920089146,0.0,0.0,0.0,3.2736625114145377,0.0,384,274276,3184.7999968528748,27.02637141942978,14.208344658651994,10148.45817603238,117.84045839624851,2413.01904296875,6962.0,0.6442265949832896,val_loss,0.6442265949832896,0.6442265949832896,117,339958,True
118,0.6437396714564042,0.3200314947226496,0.0,0.0,0.322424056970814,0.0,0.0,0.0,3.2370817140132675,0.0,2881,2881,1835541,21312.510046482086,459.3096658475697,6.272456719768036,3996.303880548331,46.401179054557566,6147.44580078125,6962.0,0.6480752436133722,0.3194359400998413,0.0,0.0,0.30506721778268303,0.0,0.0,0.0,3.286392979013423,0.0,384,274276,3184.7999968528748,26.48294786736369,14.499896383258115,10356.702032329435,120.25851550981108,2413.01904296875,6962.0,0.6442265949832896,val_loss,0.6480752436133722,0.6442265949832896,117,342839,False
119,0.6438404441769443,0.3213460058496256,0.0,0.0,0.3279123197783901,0.0,0.0,0.0,3.2249443313079094,0.0,2881,2881,1835541,21312.510053157806,474.1334061753005,6.076348897750548,3871.3597820638456,44.950450180424475,6147.44580078125,6962.0,0.6503050155782452,0.3258076297934167,0.0,0.0,0.34224927295387414,0.0,0.0,0.0,3.2449737978943936,0.0,384,274276,3184.7999968528748,26.783247221261263,14.337320520835519,10240.580529095529,118.9101519521761,2413.01904296875,6962.0,0.6442265949832896,val_loss,0.6503050155782452,0.6442265949832896,117,345720,False
120,0.6447018909913639,0.31626251198217875,0.0,0.0,0.3794705191134491,0.0,0.0,0.0,3.2843937355273716,0.0,2881,2881,1835541,21312.510023117065,469.0266712848097,6.1425078281967345,3913.5109203318507,45.43986798178339,6147.44580078125,6962.0,0.646366328233853,0.29965721316693816,0.0,0.0,0.3709589131006699,0.0,0.0,0.0,3.4670910927622267,0.0,384,274276,3184.7999968528748,26.103471755981445,14.710686899799404,10507.261354503598,122.00675935464784,2413.01904296875,6962.0,0.6442265949832896,val_loss,0.646366328233853,0.6442265949832896,117,348601,False
121,0.6437844349480635,0.3250523594573592,0.0,0.0,0.36523925919565464,0.0,0.0,0.0,3.1873207013460547,0.0,2881,2881,1835541,21312.510019779205,456.19649555161595,6.3152611387696025,4023.5754064277317,46.7178293292431,6147.44580078125,6962.0,0.6514782136461387,0.322086979324619,0.0,0.0,0.475897619437698,0.0,0.0,0.0,3.293912299287816,0.0,384,274276,3184.7999968528748,26.407706970348954,14.541209520052691,10386.210370630135,120.6011563377625,2413.01904296875,6962.0,0.6442265949832896,val_loss,0.6514782136461387,0.6442265949832896,117,351482,False
122,0.6443291907093667,0.32037948154114093,0.0,0.0,0.3430889100127287,0.0,0.0,0.0,3.2394970385037705,0.0,2881,2881,1835541,21312.510015010834,474.71044516190886,6.068962731623445,3866.6539123105968,44.89581013483241,6147.44580078125,6962.0,0.6392558220929155,0.3186167621194424,0.0,0.0,0.3552988329756772,0.0,0.0,0.0,3.2063905520675084,0.0,384,274276,3184.7999968528748,26.58633111231029,14.44351228373125,10316.429101908001,119.79087988482225,2413.01904296875,6962.0,0.6392558220929155,val_loss,0.6392558220929155,0.6392558220929155,122,354363,True
123,0.644502704878393,0.32245707394266215,0.0,0.0,0.32411427390288094,0.0,0.0,0.0,3.220456252854055,0.0,2881,2881,1835541,21312.510045051575,456.14901316538453,6.3159185197128656,4023.9942365818374,46.7226924314848,6147.44580078125,6962.0,0.6437211805799355,0.3131888818000637,0.0,0.0,0.4189153499731522,0.0,0.0,0.0,3.305322917178273,0.0,384,274276,3184.7999968528748,27.368412755429745,14.030773484436597,10021.626115149302,116.36772747155487,2413.01904296875,6962.0,0.6392558220929155,val_loss,0.6437211805799355,0.6392558220929155,122,357244,False
124,0.6407438346657724,0.3186001702486895,0.0,0.0,0.3387804133345589,0.0,0.0,0.0,3.2214365927492814,0.0,2881,2881,1835541,21312.510030269623,458.91273144073784,6.27788205168163,3999.7604647781154,46.44131350062977,6147.44580078125,6962.0,0.646837645287936,0.31061829957858816,0.0,0.0,0.30464199573422474,0.0,0.0,0.0,3.362193395073215,0.0,384,274276,3184.7999968528748,27.239729534834623,14.097056268819937,10068.969284340774,116.91746031399097,2413.01904296875,6962.0,0.6392558220929155,val_loss,0.646837645287936,0.6392558220929155,122,360125,False
125,0.6392711396744498,0.3164811049043649,0.0,0.0,0.3510080697609733,0.0,0.0,0.0,3.227900293698041,0.0,2881,2881,1835541,21312.510031700134,460.3253023587167,6.258617515130483,3987.4866547518645,46.29880200478743,6147.44580078125,6962.0,0.6445105114641289,0.32125416011937585,0.0,0.0,0.41319134060419554,0.0,0.0,0.0,3.232563439834242,0.0,384,274276,3184.7999968528748,27.003469901159406,14.220394690221378,10157.065036601974,117.94039834547833,2413.01904296875,6962.0,0.6392558220929155,val_loss,0.6445105114641289,0.6392558220929155,122,363006,False
126,0.6423977090227484,0.32062666813327506,0.0,0.0,0.3528181519078111,0.0,0.0,0.0,3.2177103508247016,0.0,2881,2881,1835541,21312.51002407074,462.7561771981418,6.225740772265089,3966.5402439653712,46.0555927164754,6147.44580078125,6962.0,0.6462435867482176,0.31742578392731957,0.0,0.0,0.3489377636942663,0.0,0.0,0.0,3.288177953877797,0.0,384,274276,3184.7999968528748,26.709862764924765,14.376711830368015,10268.716182255253,119.23685362528839,2413.01904296875,6962.0,0.6392558220929155,val_loss,0.6462435867482176,0.6392558220929155,122,365887,False
127,0.6428670520295868,0.3202680270509204,0.0,0.0,0.34186854019485663,0.0,0.0,0.0,3.225990192265777,0.0,2881,2881,1835541,21312.510026454926,454.46278730779886,6.339352924948626,4038.924750854955,46.89605094557582,6147.44580078125,6962.0,0.647376435653617,0.31949766924117284,0.0,0.0,0.46679632253168774,0.0,0.0,0.0,3.2787876098106303,0.0,384,274276,3184.7999968528748,26.674363523721695,14.395844896486702,10282.382174033299,119.39553849225344,2413.01904296875,6962.0,0.6392558220929155,val_loss,0.647376435653617,0.6392558220929155,122,368768,False
128,0.6415279006552506,0.31889802043373716,0.0,0.0,0.3562007574390404,0.0,0.0,0.0,3.226298746157338,0.0,2881,2881,1835541,21312.510013580322,456.2405661121011,6.314651116078356,4023.186749134877,46.71331660662482,6147.44580078125,6962.0,0.6433357730663071,0.324343440074396,0.0,0.0,0.28289888648335665,0.0,0.0,0.0,3.1899232853514454,0.0,384,274276,3184.7999968528748,26.675658088177443,14.395146268956996,10281.883172042835,119.38974425018466,2413.01904296875,6962.0,0.6392558220929155,val_loss,0.6433357730663071,0.6392558220929155,122,371649,False
129,0.639400064852121,0.3210895005936829,0.0,0.0,0.33788212179182064,0.0,0.0,0.0,3.18310559024541,0.0,2881,2881,1835541,21312.510050296783,450.3732458166778,6.396916394924348,4075.599554479637,47.321883012056034,6147.44580078125,6962.0,0.6438246121785293,0.3185754295312411,0.0,0.0,0.29233291207492584,0.0,0.0,0.0,3.252491768915206,0.0,384,274276,3184.7999968528748,26.706098360940814,14.37873832448778,10270.163626789612,119.25366086087759,2413.01904296875,6962.0,0.6392558220929155,val_loss,0.6438246121785293,0.6392558220929155,122,374530,False
130,0.6389654132588296,0.31826016008634095,0.0,0.0,0.32026488626979005,0.0,0.0,0.0,3.207052471312083,0.0,2881,2881,1835541,21312.51004076004,456.74928150326014,6.307618022995043,4018.7058290684986,46.66128859714018,6147.44580078125,6962.0,0.6407658982401093,0.31224387883169885,0.0,0.0,0.2864845817312016,0.0,0.0,0.0,3.2852201360122613,0.0,384,274276,3184.7999968528748,26.967309776693583,14.239462637532753,10170.684516593577,118.09854313333578,2413.01904296875,6962.0,0.6392558220929155,val_loss,0.6407658982401093,0.6392558220929155,122,377411,False
131,0.6411843483479476,0.323955705804451,0.0,0.0,0.3407379944017755,0.0,0.0,0.0,3.1722863658109253,0.0,2881,2881,1835541,21312.510041236877,444.30545300245285,6.484277833034147,4131.259221772069,47.96814870763969,6147.44580078125,6962.0,0.6490077393439909,0.31469129972780746,0.0,0.0,0.29032660718803527,0.0,0.0,0.0,3.343164344628652,0.0,384,274276,3184.7999968528748,27.032598888501525,14.205071498446888,10146.120287260464,117.81331162382423,2413.01904296875,6962.0,0.6392558220929155,val_loss,0.6490077393439909,0.6392558220929155,122,380292,False
132,0.6403763297012969,0.32246142693193025,0.0,0.0,0.32236950804473924,0.0,0.0,0.0,3.17914897321372,0.0,2881,2881,1835541,21312.51004052162,462.91586478054523,6.223593139037905,3965.171945165837,46.03970540224465,6147.44580078125,6962.0,0.6447379123419523,0.32002857913418364,0.0,0.0,0.2928990203023811,0.0,0.0,0.0,3.2470932700671256,0.0,384,274276,3184.7999968528748,27.413479147478938,14.007707592828993,10005.151061798868,116.17642473322336,2413.01904296875,6962.0,0.6392558220929155,val_loss,0.6447379123419523,0.6392558220929155,122,383173,False
133,0.6379135503759817,0.31338545449995503,0.0,0.0,0.3113178387035366,0.0,0.0,0.0,3.2452808961773947,0.0,2881,2881,1835541,21312.510036468506,459.1922935228795,6.274059997604147,3997.325359966093,46.413039454475516,6147.44580078125,6962.0,0.6431824098496387,0.3005876523384359,0.0,0.0,0.3868906332645565,0.0,0.0,0.0,3.425947513586531,0.0,384,274276,3184.7999968528748,27.43266797810793,13.997909365084112,9998.152575567214,116.09516068194455,2413.01904296875,6962.0,0.6392558220929155,val_loss,0.6431824098496387,0.6392558220929155,122,386054,False
134,0.6394553042066383,0.32332899992046144,0.0,0.0,0.30771298725991997,0.0,0.0,0.0,3.161262991278588,0.0,2881,2881,1835541,21312.510056495667,467.92589054070413,6.156957882093054,3922.717330043376,45.546763894317415,6147.44580078125,6962.0,0.6428936480078846,0.3142263134989965,0.0,0.0,0.4676480508909056,0.0,0.0,0.0,3.2866732977951565,0.0,384,274276,3184.7999968528748,26.946724453940988,14.250340543480771,10178.45417422847,118.188761765703,2413.01904296875,6962.0,0.6392558220929155,val_loss,0.6428936480078846,0.6392558220929155,122,388935,False
135,0.6371853354696349,0.3201630815279876,0.0,0.0,0.36743992004518977,0.0,0.0,0.0,3.170222496622265,0.0,2881,2881,1835541,21312.510043621063,465.8620639350265,6.184233967593058,3940.0954533529084,45.74854166831989,6147.44580078125,6962.0,0.6481479899181674,0.3219221275309489,0.0,0.0,0.2863199578059721,0.0,0.0,0.0,3.2622585650533438,0.0,384,274276,3184.7999968528748,26.788722667843103,14.334390062612037,10238.4874187838,118.8858474643091,2413.01904296875,6962.0,0.6392558220929155,val_loss,0.6481479899181674,0.6392558220929155,122,391816,False
136,0.6398446649902606,0.3231743581121718,0.0,0.0,0.34899482764180845,0.0,0.0,0.0,3.166703012007386,0.0,2881,2881,1835541,21312.51000404358,440.07458155043423,6.546617597976007,4170.977095594057,48.42931379712301,6147.44580078125,6962.0,0.644831145570303,0.31061082342785085,0.0,0.0,0.3592294358750223,0.0,0.0,0.0,3.3422031654044986,0.0,384,274276,3184.7999968528748,26.272130079567432,14.616249190188332,10439.808236687748,121.22351660133498,2413.01904296875,6962.0,0.6392558220929155,val_loss,0.644831145570303,0.6392558220929155,122,394697,False
137,0.6369933805007233,0.3131943348651646,0.0,0.0,0.35162555003853585,0.0,0.0,0.0,3.2379903944467183,0.0,2881,2881,1835541,21312.510040283203,460.3372132331133,6.258455578174321,3987.383481575034,46.297604077232435,6147.44580078125,6962.0,0.6396061308526745,0.31528196499372524,0.0,0.0,0.3372485672613645,0.0,0.0,0.0,3.24324159991617,0.0,384,274276,3184.7999968528748,26.864647679030895,14.293878132625943,10209.55135079196,118.54985164531895,2413.01904296875,6962.0,0.6392558220929155,val_loss,0.6396061308526745,0.6392558220929155,122,397578,False
138,0.6366088979052239,0.31792008873438593,0.0,0.0,0.3761871868915176,0.0,0.0,0.0,3.186888038470736,0.0,2881,2881,1835541,21312.51005268097,457.4414104539901,6.298074319814502,4012.6253505958452,46.590688043588486,6147.44580078125,6962.0,0.6422203635641685,0.31594752277305815,0.0,0.0,0.29234285158357426,0.0,0.0,0.0,3.262728354893625,0.0,384,274276,3184.7999968528748,27.14101725630462,14.148327469590335,10105.590273566038,117.34269083496027,2413.01904296875,6962.0,0.6392558220929155,val_loss,0.6422203635641685,0.6392558220929155,122,400459,False
139,0.6380714678135402,0.32123538287416625,0.0,0.0,0.334138001471432,0.0,0.0,0.0,3.1683607900651616,0.0,2881,2881,1835541,21312.51003217697,477.29052989557385,6.036155799341614,3845.751979201425,44.65311733052806,6147.44580078125,6962.0,0.6389701142907143,0.31052578999757924,0.0,0.0,0.35973488893311395,0.0,0.0,0.0,3.2844431842677295,0.0,384,274276,3184.7999968528748,26.420854289084673,14.533973648181508,10381.042073772478,120.54114382549018,2413.01904296875,6962.0,0.6389701142907143,val_loss,0.6389701142907143,0.6389701142907143,139,403340,True
140,0.6358820416682381,0.3188019739622325,0.0,0.0,0.32795609389966773,0.0,0.0,0.0,3.1708006233814814,0.0,2881,2881,1835541,21312.51004934311,456.4421098250896,6.311862858367758,4021.4102960469327,46.69269024610842,6147.44580078125,6962.0,0.6427617829758674,0.31670322446734644,0.0,0.0,0.27894397487155703,0.0,0.0,0.0,3.260585512345036,0.0,384,274276,3184.7999968528748,26.79407618753612,14.331526017628718,10236.441744820662,118.86209379125218,2413.01904296875,6962.0,0.6389701142907143,val_loss,0.6427617829758674,0.6389701142907143,139,406221,False
141,0.6357192940407435,0.31557698194836215,0.0,0.0,0.3566704530964571,0.0,0.0,0.0,3.201423056317634,0.0,2881,2881,1835541,21312.51003551483,449.7444970719516,6.405859368500707,4081.2972964655173,47.38803959641375,6147.44580078125,6962.0,0.6379909091629088,0.31206661033502314,0.0,0.0,0.4098911000279865,0.0,0.0,0.0,3.259242922688524,0.0,384,274276,3184.7999968528748,26.92582998238504,14.261398822291234,10186.352665059247,118.28047636549665,2413.01904296875,6962.0,0.6379909091629088,val_loss,0.6379909091629088,0.6379909091629088,141,409102,True
142,0.6332641306621918,0.31509914896416186,0.0,0.0,0.3522020381988802,0.0,0.0,0.0,3.181649768695944,0.0,2881,2881,1835541,21312.510050296783,453.6555042807013,6.350633846200109,4046.112044667822,46.97950283682567,6147.44580078125,6962.0,0.6406352158325413,0.307090340385912,0.0,0.0,0.31004342690236325,0.0,0.0,0.0,3.335448712032909,0.0,384,274276,3184.7999968528748,26.43021061271429,14.528828605522964,10377.367173459417,120.49847212798305,2413.01904296875,6962.0,0.6379909091629088,val_loss,0.6406352158325413,0.6379909091629088,141,411983,False
143,0.6354767026813525,0.3110510708963972,0.0,0.0,0.3445297593832099,0.0,0.0,0.0,3.2442562640313266,0.0,2881,2881,1835541,21312.510016441345,441.7892058007419,6.5212095772647825,4154.789152607489,48.241355235948944,6147.44580078125,6962.0,0.6350471056066453,0.3152044775682346,0.0,0.0,0.2920924003919936,0.0,0.0,0.0,3.1984262441595397,0.0,384,274276,3184.7999968528748,25.84794170036912,14.856115216110856,10611.135044307346,123.21290545186406,2413.01904296875,6962.0,0.6350471056066453,val_loss,0.6350471056066453,0.6350471056066453,143,414864,True
144,0.633112096198935,0.31285200278487746,0.0,0.0,0.3386319710823608,0.0,0.0,0.0,3.2026008764040714,0.0,2881,2881,1835541,21312.510033130646,461.1454517506063,6.247486533940887,3980.394890661711,46.21645936704747,6147.44580078125,6962.0,0.6408558154168228,0.3098940519169749,0.0,0.0,0.3574357778367509,0.0,0.0,0.0,3.3096175774311027,0.0,384,274276,3184.7999968528748,26.695088412612677,14.384668597635018,10274.399386158704,119.30284506374389,2413.01904296875,6962.0,0.6350471056066453,val_loss,0.6408558154168228,0.6350471056066453,143,417745,False
145,0.6353692806706335,0.3177033134004575,0.0,0.0,0.35077961711830424,0.0,0.0,0.0,3.1766596190820175,0.0,2881,2881,1835541,21312.510041713715,467.9178859256208,6.157063208432168,3922.784435497671,45.54754302574684,6147.44580078125,6962.0,0.6395732127906134,0.32652500551679015,0.0,0.0,0.38260020798043115,0.0,0.0,0.0,3.13048202265054,0.0,384,274276,3184.7999968528748,26.095775447785854,14.715025455684675,10510.360213237942,122.04274225248574,2413.01904296875,6962.0,0.6350471056066453,val_loss,0.6395732127906134,0.6350471056066453,143,420626,False
146,0.6340074885619759,0.3171160394055604,0.0,0.0,0.37080221530243995,0.0,0.0,0.0,3.1689144304253003,0.0,2881,2881,1835541,21312.510061740875,443.34455353207886,6.498331776148776,4140.213261618847,48.07211432270088,6147.44580078125,6962.0,0.6367143550887704,0.3171974359138403,0.0,0.0,0.27377899285784224,0.0,0.0,0.0,3.195169152226299,0.0,384,274276,3184.7999968528748,26.762286921963096,14.348549551079712,10248.600980916508,119.00328272167182,2413.01904296875,6962.0,0.6350471056066453,val_loss,0.6367143550887704,0.6350471056066453,143,423507,False
147,0.6343078648038558,0.31807241378596435,0.0,0.0,0.35112177751601487,0.0,0.0,0.0,3.162354453948172,0.0,2881,2881,1835541,21312.510013580322,459.71205079741776,6.266966452157627,3992.8059245261584,46.36056413272522,6147.44580078125,6962.0,0.6398359322144339,0.31672911253311514,0.0,0.0,0.3314597436425781,0.0,0.0,0.0,3.2310681394301355,0.0,384,274276,3184.7999968528748,26.97103152796626,14.237497724246492,10169.281056811016,118.08224663378395,2413.01904296875,6962.0,0.6350471056066453,val_loss,0.6398359322144339,0.6350471056066453,143,426388,False
148,0.6331682128961696,0.31643223094584855,0.0,0.0,0.3137533738808328,0.0,0.0,0.0,3.167359760468803,0.0,2881,2881,1835541,21312.510062217712,447.82151105999947,6.43336670715222,4098.822755644877,47.59152817775707,6147.44580078125,6962.0,0.6410286367560426,0.306149313749908,0.0,0.0,0.351427093342257,0.0,0.0,0.0,3.348793171501408,0.0,384,274276,3184.7999968528748,26.59560309909284,14.438476862857755,10312.832500096807,119.74911736299397,2413.01904296875,6962.0,0.6350471056066453,val_loss,0.6410286367560426,0.6350471056066453,143,429269,False
149,0.6337540058554233,0.3159063180911147,0.0,0.0,0.3470461266542016,0.0,0.0,0.0,3.1784768288891088,0.0,2881,2881,1835541,21312.510047912598,462.7340280953795,6.22603877190152,3966.730105315824,46.057797252636085,6147.44580078125,6962.0,0.6359281732390324,0.31173258018679917,0.0,0.0,0.35193984266516054,0.0,0.0,0.0,3.241955854309102,0.0,384,274276,3184.7999968528748,26.75530133396387,14.352295838751795,10251.276805910124,119.03435349502146,2413.01904296875,6962.0,0.6350471056066453,val_loss,0.6359281732390324,0.6350471056066453,143,432150,False
