epoch,train_loss,train_diffusion_loss,train_audio_wave_l1,train_audio_mrstft,train_x0,train_x0_loss,train_quant_embed_mse,train_rvq_ce,train_onset_weighted_x0,train_steps,train_batches_per_epoch,train_valid_tokens_seen,train_audio_seconds_seen,train_elapsed_sec,train_steps_per_sec,train_tokens_per_sec,train_audio_seconds_per_sec,train_peak_gpu_mem_allocated_mb,train_peak_gpu_mem_reserved_mb,val_loss,val_diffusion_loss,val_audio_wave_l1,val_audio_mrstft,val_x0,val_x0_loss,val_quant_embed_mse,val_rvq_ce,val_onset_weighted_x0,val_steps,val_valid_tokens_seen,val_audio_seconds_seen,val_elapsed_sec,val_steps_per_sec,val_tokens_per_sec,val_audio_seconds_per_sec,val_peak_gpu_mem_allocated_mb,val_peak_gpu_mem_reserved_mb,best_val_loss,checkpoint_metric_name,checkpoint_metric_value,best_checkpoint_metric_value,best_checkpoint_epoch,global_step,checkpoint_improved
0,0.9560943834899988,0.48867604325317604,0.0,0.0,0.48882868677246455,0.0,0.0,4.67418332242254,0.0,2881,2881,1835541,21312.51006603241,371.1089131489862,7.763219631546245,4946.097856892755,57.4292594731516,4300.14013671875,5882.0,0.902298079803586,0.47028539804159664,0.0,0.0,0.42610789818960865,0.0,0.0,4.320126738399267,0.0,384,274276,3184.7999968528748,24.301520121051,15.801480651712938,11286.372154242754,131.05353002564095,1914.162109375,6658.0,0.902298079803586,val_loss,0.902298079803586,0.902298079803586,0,2881,True
1,0.8811577757337531,0.4622563335621721,0.0,0.0,0.4070147249396051,0.0,0.0,4.189014345004053,0.0,2881,2881,1835541,21312.51001739502,365.67656486900523,7.878546991470587,5019.575155595596,58.2824059973045,4281.4658203125,6658.0,0.8667771780552963,0.45505334190481034,0.0,0.0,0.4027412737729416,0.0,0.0,4.117238276793311,0.0,384,274276,3184.7999968528748,24.58794921799563,15.617406583829894,11154.895333819082,129.52686572664456,1914.162109375,6658.0,0.8667771780552963,val_loss,0.8667771780552963,0.8667771780552963,1,5762,True
2,0.8569710071572658,0.4530469545786143,0.0,0.0,0.415818815293642,0.0,0.0,4.039240455159873,0.0,2881,2881,1835541,21312.51002550125,361.96802910696715,7.9592664775060005,5071.003106347741,58.87953717371838,4293.34765625,6658.0,0.8523041672694186,0.440042905548277,0.0,0.0,0.38348283039401093,0.0,0.0,4.1226125576843815,0.0,384,274276,3184.7999968528748,24.4329473269172,15.716482946654425,11225.66165801195,130.34858031000851,1914.162109375,6658.0,0.8523041672694186,val_loss,0.8523041672694186,0.8523041672694186,2,8643,True
3,0.8371566891132316,0.437286629851976,0.0,0.0,0.38894573753587813,0.0,0.0,3.9987005158167506,0.0,2881,2881,1835541,21312.510028362274,364.81682852399535,7.897113769823,5031.404410334842,58.41975578426605,4282.271484375,6660.0,0.8314245633470515,0.439457907739173,0.0,0.0,0.44974795871409395,0.0,0.0,3.919666487025097,0.0,384,274276,3184.7999968528748,24.814216206083074,15.475000169695646,11053.18006912355,128.34578253058575,1914.162109375,6660.0,0.8314245633470515,val_loss,0.8314245633470515,0.8314245633470515,3,11524,True
4,0.8225400436673467,0.434198516520262,0.0,0.0,0.3770193575171211,0.0,0.0,3.8834152046134593,0.0,2881,2881,1835541,21312.51003217697,363.9109191100579,7.9167726185448615,5043.929444295888,58.56518426074325,4285.8662109375,6660.0,0.8176926545177897,0.43348404884454794,0.0,0.0,0.3537923970616248,0.0,0.0,3.842085971031338,0.0,384,274276,3184.7999968528748,24.42890342604369,15.719084614768956,11227.519926563464,130.3701578949121,1914.162109375,6660.0,0.8176926545177897,val_loss,0.8176926545177897,0.8176926545177897,4,14405,True
5,0.8085056155640729,0.4307849555664574,0.0,0.0,0.361824769107932,0.0,0.0,3.7772065298150124,0.0,2881,2881,1835541,21312.510053157806,363.7784040730912,7.919656493465573,5045.766816963655,58.58651809598803,4292.80908203125,6660.0,0.8052732640256485,0.4120203122923461,0.0,0.0,0.3876386489973811,0.0,0.0,3.932529447445025,0.0,384,274276,3184.7999968528748,24.516354302875698,15.663013972471344,11187.470886233205,129.9051220058158,1914.162109375,6660.0,0.8052732640256485,val_loss,0.8052732640256485,0.8052732640256485,5,17286,True
6,0.799261394493781,0.4194739407057079,0.0,0.0,0.36306706067974426,0.0,0.0,3.797874465207183,0.0,2881,2881,1835541,21312.51007270813,364.56384523701854,7.9025938464274725,5034.895873469395,58.4602953670624,4289.93359375,6660.0,0.7938825562596321,0.4213434709139013,0.0,0.0,0.3398545423527442,0.0,0.0,3.725390757744511,0.0,384,274276,3184.7999968528748,24.692252791952342,15.551436445894181,11107.775475609564,128.9797258956809,1914.162109375,6660.0,0.7938825562596321,val_loss,0.7938825562596321,0.7938825562596321,6,20167,True
7,0.7906601892002586,0.41944018740262556,0.0,0.0,0.3661780058510061,0.0,0.0,3.7121999470652165,0.0,2881,2881,1835541,21312.51005268097,365.6838108589873,7.878390878810201,5019.475693190612,58.281251233457986,4298.0849609375,6660.0,0.7856375006958842,0.4183866712652768,0.0,0.0,0.34638158687933657,0.0,0.0,3.6725082279493413,0.0,384,274276,3184.7999968528748,24.893515265081078,15.425704080397555,11017.969823841458,127.93693309037373,1914.162109375,6660.0,0.7856375006958842,val_loss,0.7856375006958842,0.7856375006958842,7,23048,True
8,0.7805573357678419,0.40967413178085504,0.0,0.0,0.3782982042868108,0.0,0.0,3.708831970371417,0.0,2881,2881,1835541,21312.51005601883,364.6217323129531,7.901339236486462,5034.0965371328,58.451014208133934,4288.4326171875,6660.0,0.7715024203062057,0.39587110229573835,0.0,0.0,0.3642889101223166,0.0,0.0,3.756313099525869,0.0,384,274276,3184.7999968528748,24.180507281096652,15.880560136147174,11342.855499744537,131.7093954990193,1914.162109375,6660.0,0.7715024203062057,val_loss,0.7715024203062057,0.7715024203062057,8,25929,True
9,0.775060751958673,0.41086213289592277,0.0,0.0,0.3663387321870281,0.0,0.0,3.6419861288440596,0.0,2881,2881,1835541,21312.5100274086,364.2236705580726,7.90997464713279,5039.598324808319,58.51489551668357,4293.41015625,6660.0,0.7710964381694794,0.4132246604228082,0.0,0.0,0.3360340600908482,0.0,0.0,3.57871770625934,0.0,384,274276,3184.7999968528748,24.836887093028054,15.4608747288541,11043.090825862466,128.22862965572196,1914.162109375,6660.0,0.7710964381694794,val_loss,0.7710964381694794,0.7710964381694794,9,28810,True
10,0.7654561428136604,0.3990961046283628,0.0,0.0,0.37691803128872015,0.0,0.0,3.663600318508817,0.0,2881,2881,1835541,21312.510021686554,364.1689280627761,7.911163688032627,5040.355885836548,58.523691560013226,4299.3154296875,6660.0,0.7657210038354,0.41459454511641525,0.0,0.0,0.31617518462614197,0.0,0.0,3.511264526595672,0.0,384,274276,3184.7999968528748,24.589085867162794,15.616684657350694,11154.379690311247,129.52087824891362,1914.162109375,6660.0,0.7657210038354,val_loss,0.7657210038354,0.7657210038354,10,31691,True
11,0.7611483535142625,0.4054078584726343,0.0,0.0,0.3364485733856598,0.0,0.0,3.557404885727347,0.0,2881,2881,1835541,21312.510010242462,365.0377718070522,7.892333951465188,5028.359095316336,58.38439650981544,4286.5224609375,6660.0,0.7576161571778357,0.3950690460963718,0.0,0.0,0.35077724417472683,0.0,0.0,3.6254710252396762,0.0,384,274276,3184.7999968528748,24.627213031053543,15.592507342012164,11137.110790983666,129.32035764002282,1914.162109375,6660.0,0.7576161571778357,val_loss,0.7576161571778357,0.7576161571778357,11,34572,True
12,0.7554951929582651,0.39563440101777864,0.0,0.0,0.35674230440955185,0.0,0.0,3.5986078477017545,0.0,2881,2881,1835541,21312.51005935669,363.18723539612256,7.932547510536098,5053.979934063499,58.68188081035247,4289.37890625,6660.0,0.7528732985568544,0.3945793080201838,0.0,0.0,0.34948840254946845,0.0,0.0,3.582939836817483,0.0,384,274276,3184.7999968528748,24.331134679960087,15.782247932574837,11272.634984257542,130.89401866144695,1914.162109375,6660.0,0.7528732985568544,val_loss,0.7528732985568544,0.7528732985568544,12,37453,True
13,0.7527654341673197,0.39377072921132034,0.0,0.0,0.34255975710453723,0.0,0.0,3.5899469767105905,0.0,2881,2881,1835541,21312.510023117065,365.60140530206263,7.880166646568812,5020.607069284819,58.29438758723728,4282.173828125,6660.0,0.7460994638192157,0.3884921171217381,0.0,0.0,0.3267932826517305,0.0,0.0,3.5760733946226537,0.0,384,274276,3184.7999968528748,24.626954761100933,15.5926708651181,11137.227589065447,129.32171385978134,1914.162109375,6660.0,0.7460994638192157,val_loss,0.7460994638192157,0.7460994638192157,13,40334,True
14,0.7478410079428737,0.39278198836234884,0.0,0.0,0.33702506241671476,0.0,0.0,3.550590136313099,0.0,2881,2881,1835541,21312.510046482086,363.2302328799851,7.931608492930463,5053.381667727204,58.67493429029612,4281.11669921875,6660.0,0.7400424404380223,0.3888658528740052,0.0,0.0,0.3260811273867148,0.0,0.0,3.5117658230786524,0.0,384,274276,3184.7999968528748,24.400237658061087,15.737551632950519,11240.710186664417,130.52331872680406,1914.162109375,6660.0,0.7400424404380223,val_loss,0.7400424404380223,0.7400424404380223,14,43215,True
15,0.7426250467735709,0.38991781045300955,0.0,0.0,0.33854622998899087,0.0,0.0,3.5270722970413027,0.0,2881,2881,1835541,21312.510023593903,363.7939262329601,7.919318581902643,5045.551526950419,58.58401827727648,4282.369140625,6660.0,0.7407818624439338,0.38459944375790656,0.0,0.0,0.3208667031188573,0.0,0.0,3.561824131757021,0.0,384,274276,3184.7999968528748,24.500770488055423,15.672976496278233,11194.586722638564,129.98774868755754,1914.162109375,6660.0,0.7400424404380223,val_loss,0.7407818624439338,0.7400424404380223,14,46096,False
16,0.7413834102428526,0.3864483447804923,0.0,0.0,0.36236948902172084,0.0,0.0,3.5493505969617734,0.0,2881,2881,1835541,21312.510044574738,364.8567281740252,7.896250164875275,5030.854190866133,58.413367217417296,4294.16015625,6660.0,0.734559666675826,0.3788903966342332,0.0,0.0,0.34855306963436306,0.0,0.0,3.5566926531804106,0.0,384,274276,3184.7999968528748,24.64228813513182,15.582968509021772,11130.297580157436,129.24124494398694,1914.162109375,6660.0,0.734559666675826,val_loss,0.734559666675826,0.734559666675826,16,48977,True
17,0.737979001384028,0.38358135953874006,0.0,0.0,0.34711984320695966,0.0,0.0,3.5439763551203587,0.0,2881,2881,1835541,21312.51006269455,362.4100324739702,7.949559178406369,5064.818397740786,58.80772647822685,4304.99951171875,6660.0,0.7340409751050174,0.37760645770079765,0.0,0.0,0.33420380285557866,0.0,0.0,3.5643450973245003,0.0,384,274276,3184.7999968528748,24.783069176832214,15.494448942545505,11067.071557722946,128.50708579024987,1914.162109375,6660.0,0.7340409751050174,val_loss,0.7340409751050174,0.7340409751050174,17,51858,True
18,0.7354127857387996,0.384030080482193,0.0,0.0,0.332367442337992,0.0,0.0,3.513826988371078,0.0,2881,2881,1835541,21312.51005744934,361.4103201390244,7.9715487894528305,5078.828405602582,58.970396997105716,4292.47265625,6660.0,0.7328531905077398,0.38424452939458814,0.0,0.0,0.31862547090349835,0.0,0.0,3.486086555911849,0.0,384,274276,3184.7999968528748,24.46216576290317,15.697710649248208,11212.253349044797,130.19288756854957,1914.162109375,6660.0,0.7328531905077398,val_loss,0.7328531905077398,0.7328531905077398,18,54739,True
19,0.7321630763701373,0.3805781826570873,0.0,0.0,0.34077211672178975,0.0,0.0,3.5158488689115255,0.0,2881,2881,1835541,21312.51002931595,363.6050330440048,7.9234326760579545,5048.172696162476,58.6144527508139,4300.05810546875,6660.0,0.7229088248374561,0.3774031133701404,0.0,0.0,0.3286864744562384,0.0,0.0,3.4550570423404374,0.0,384,274276,3184.7999968528748,24.876255876151845,15.43640658432565,11025.614198756517,128.02569698223965,1914.162109375,6660.0,0.7229088248374561,val_loss,0.7229088248374561,0.7229088248374561,19,57620,True
20,0.730329501715769,0.3813057681542383,0.0,0.0,0.32881622359024715,0.0,0.0,3.4902372650390943,0.0,2881,2881,1835541,21312.51003217697,363.4982237429358,7.925760875347301,5049.656037103735,58.63167586548944,4287.50390625,6660.0,0.724374435065935,0.38814260294505704,0.0,0.0,0.3103952084566117,0.0,0.0,3.362318256714692,0.0,384,274276,3184.7999968528748,23.937336378963664,16.04188510871504,11458.0835418696,133.04738448893187,1914.162109375,6660.0,0.7229088248374561,val_loss,0.724374435065935,0.7229088248374561,19,60501,False
21,0.7278046077301584,0.37769426290671243,0.0,0.0,0.3530603163823594,0.0,0.0,3.5011033918327112,0.0,2881,2881,1835541,21312.510034561157,364.4283334631473,7.905532406391065,5036.768087039035,58.482033578534526,4281.32666015625,6660.0,0.7283814245214065,0.3821730976148198,0.0,0.0,0.32112509307747433,0.0,0.0,3.462083216601362,0.0,384,274276,3184.7999968528748,24.05833387095481,15.96120504685473,11400.456967268561,132.37824422653912,1914.162109375,6660.0,0.7229088248374561,val_loss,0.7283814245214065,0.7229088248374561,19,63382,False
22,0.7247794742325204,0.3781597925048142,0.0,0.0,0.3342497371449415,0.0,0.0,3.4661967513959304,0.0,2881,2881,1835541,21312.51001882553,362.2286606039852,7.953539610024729,5067.354407957098,58.837172031856205,4290.21484375,6660.0,0.7215516983220974,0.37329859302553814,0.0,0.0,0.32210052807446726,0.0,0.0,3.482530999695882,0.0,384,274276,3184.7999968528748,24.387862317962572,15.745537472432327,11246.414155700128,130.58955128294087,1914.162109375,6660.0,0.7215516983220974,val_loss,0.7215516983220974,0.7215516983220974,22,66263,True
23,0.724698677002163,0.3784678294131043,0.0,0.0,0.35276031319384293,0.0,0.0,3.4623084129123627,0.0,2881,2881,1835541,21312.510046958923,360.3715625300538,7.994526481982701,5093.467939349188,59.14037694131743,4281.24072265625,6660.0,0.7172907351826628,0.3708382633049041,0.0,0.0,0.3286085362378799,0.0,0.0,3.464524660104265,0.0,384,274276,3184.7999968528748,23.968788634985685,16.020834671615408,11443.048047895802,132.8727974264093,1914.162109375,6660.0,0.7172907351826628,val_loss,0.7172907351826628,0.7172907351826628,23,69144,True
24,0.7220432839948905,0.37685755762979206,0.0,0.0,0.33755741644416654,0.0,0.0,3.451857197712958,0.0,2881,2881,1835541,21312.51003265381,362.4264238399919,7.949199645751923,5064.589332510632,58.80506671352168,4293.78515625,6660.0,0.7151481467299163,0.3726635766700686,0.0,0.0,0.3360225537374693,0.0,0.0,3.424845634804418,0.0,384,274276,3184.7999968528748,24.44030392402783,15.711752243084042,11222.282703708643,130.30934503731044,1914.162109375,6660.0,0.7151481467299163,val_loss,0.7151481467299163,0.7151481467299163,24,72025,True
25,0.7189581532914454,0.3751329167227816,0.0,0.0,0.34252740819936867,0.0,0.0,3.438252299724044,0.0,2881,2881,1835541,21312.510036468506,362.93063600407913,7.938155984075203,5057.5532013763905,58.72337003875574,4288.60498046875,6660.0,0.715084480587393,0.37154040313422837,0.0,0.0,0.31956679548723815,0.0,0.0,3.435440718817214,0.0,384,274276,3184.7999968528748,24.108726738020778,15.927842402162659,11376.627350769702,132.1015427923977,1914.162109375,6660.0,0.715084480587393,val_loss,0.715084480587393,0.715084480587393,25,74906,True
26,0.7192853880565806,0.37560108674289927,0.0,0.0,0.3352580662224867,0.0,0.0,3.436842947350075,0.0,2881,2881,1835541,21312.510036230087,361.25128431385383,7.975058152310948,5081.064288771603,58.99635783083848,4289.77685546875,6660.0,0.7168109326157719,0.37062155293339555,0.0,0.0,0.3100141851161122,0.0,0.0,3.461893714653949,0.0,384,274276,3184.7999968528748,24.217810152098536,15.856099192631808,11325.384016037191,131.5065225489392,1914.162109375,6660.0,0.715084480587393,val_loss,0.7168109326157719,0.715084480587393,25,77787,False
27,0.7176880926897194,0.37416716179228915,0.0,0.0,0.3220523719812256,0.0,0.0,3.4352092420483826,0.0,2881,2881,1835541,21312.51001214981,361.76063429703936,7.96382946861606,5073.9102765196085,58.91329235853298,4296.2197265625,6660.0,0.7186565451944867,0.367846376747669,0.0,0.0,0.4195865189455314,0.0,0.0,3.5081016127951443,0.0,384,274276,3184.7999968528748,24.377594631863758,15.752169391564035,11251.15107302244,130.64455476218512,1914.162109375,6660.0,0.715084480587393,val_loss,0.7186565451944867,0.715084480587393,25,80668,False
28,0.7145105198682575,0.3723712702931856,0.0,0.0,0.32531963092724625,0.0,0.0,3.421392429727351,0.0,2881,2881,1835541,21312.510055065155,365.0567486458458,7.891923682240861,5028.09770483307,58.38136162150822,4290.9482421875,6660.0,0.7118880120106041,0.3664829444605857,0.0,0.0,0.32966293326414114,0.0,0.0,3.4540506287788353,0.0,384,274276,3184.7999968528748,24.492423317860812,15.678317944144487,11198.401907417117,130.0320493207545,1914.162109375,6660.0,0.7118880120106041,val_loss,0.7118880120106041,0.7118880120106041,28,83549,True
29,0.7133423768989909,0.37070770260930597,0.0,0.0,0.3423742388726814,0.0,0.0,3.4263466823560336,0.0,2881,2881,1835541,21312.510051727295,360.5377180769574,7.990842165881367,5091.120590074297,59.11312182648835,4288.17529296875,6660.0,0.7112380249115328,0.36776751271099783,0.0,0.0,0.3268199501314181,0.0,0.0,3.434705065408101,0.0,384,274276,3184.7999968528748,24.619490461889654,15.597398353732066,11140.604247052646,129.3609224684347,1914.162109375,6660.0,0.7112380249115328,val_loss,0.7112380249115328,0.7112380249115328,29,86430,True
30,0.7115634505490551,0.37130762847106163,0.0,0.0,0.3193915561407272,0.0,0.0,3.4025581582930715,0.0,2881,2881,1835541,21312.510035037994,363.56289365002885,7.924351055400319,5048.7578134607975,58.621246577363145,4288.0732421875,6660.0,0.7041755241031448,0.36372659060483176,0.0,0.0,0.3292321209870958,0.0,0.0,3.4044892536476254,0.0,384,274276,3184.7999968528748,23.985687696142122,16.009547229357235,11434.985874685377,132.7791822022731,1914.162109375,6660.0,0.7041755241031448,val_loss,0.7041755241031448,0.7041755241031448,30,89311,True
31,0.7114394520128489,0.37376432148245103,0.0,0.0,0.34028108917284694,0.0,0.0,3.3767512424957915,0.0,2881,2881,1835541,21312.51003265381,362.1622141490225,7.9549988580932585,5068.284123215328,58.84796701591883,4293.59765625,6660.0,0.7089285723244151,0.3662348297657445,0.0,0.0,0.31836603069556685,0.0,0.0,3.426937379874289,0.0,384,274276,3184.7999968528748,24.538273733807728,15.649022590816651,11177.477396142782,129.78908098433186,1914.162109375,6660.0,0.7041755241031448,val_loss,0.7089285723244151,0.7041755241031448,30,92192,False
32,0.7086437958596854,0.365939271725528,0.0,0.0,0.3335695697116856,0.0,0.0,3.4270451819677397,0.0,2881,2881,1835541,21312.510048627853,362.84574206895195,7.940013250734304,5058.736502001421,58.737109403857396,4301.04248046875,6660.0,0.7092342441901565,0.3659415352643312,0.0,0.0,0.3119410646080117,0.0,0.0,3.4329270285864673,0.0,384,274276,3184.7999968528748,24.565758485812694,15.6315140939682,11164.971769888598,129.6438698887385,1914.162109375,6660.0,0.7041755241031448,val_loss,0.7092342441901565,0.7041755241031448,30,95073,False
33,0.7087934356375479,0.3704642029682802,0.0,0.0,0.33112148371619177,0.0,0.0,3.3832922619235717,0.0,2881,2881,1835541,21312.51004219055,363.88820630009286,7.917266759736876,5044.244271237135,58.568839751334124,4281.36279296875,6660.0,0.7063077230316898,0.37670618447009474,0.0,0.0,0.3868027899528291,0.0,0.0,3.296015338972211,0.0,384,274276,3184.7999968528748,24.374312101164833,15.754290763416002,11252.666284965331,130.66214888996498,1914.162109375,6660.0,0.7041755241031448,val_loss,0.7063077230316898,0.7041755241031448,30,97954,False
34,0.7094794047019499,0.37260861337477136,0.0,0.0,0.3591075930149604,0.0,0.0,3.3687078524736513,0.0,2881,2881,1835541,21312.510040283203,363.37062947801314,7.928543933610142,5051.429177522629,58.65226386320467,4294.16015625,6660.0,0.7036776233774921,0.3576893806845571,0.0,0.0,0.31625550429695676,0.0,0.0,3.459882356071224,0.0,384,274276,3184.7999968528748,24.429613387212157,15.718627794617795,11227.193638011955,130.36636914278714,1914.162109375,6660.0,0.7036776233774921,val_loss,0.7036776233774921,0.7036776233774921,34,100835,True
35,0.704778321457174,0.36853146070697856,0.0,0.0,0.31505398791353195,0.0,0.0,3.3624685480337266,0.0,2881,2881,1835541,21312.510055541992,364.48190649203025,7.9043704191746915,5036.027762437464,58.473437709611,4296.4228515625,6660.0,0.7050780321005732,0.3772298214607872,0.0,0.0,0.29486041745500796,0.0,0.0,3.2784820672435067,0.0,384,274276,3184.7999968528748,24.313112036092207,15.793946880595195,11280.991079745125,130.99104681149493,1914.162109375,6660.0,0.7036776233774921,val_loss,0.7050780321005732,0.7036776233774921,34,103716,False
36,0.7042750219159224,0.3716157369272953,0.0,0.0,0.3123667565853578,0.0,0.0,3.3265927883329924,0.0,2881,2881,1835541,21312.51002883911,360.9969322499819,7.980677237459113,5084.644316946525,59.037925602317024,4284.322265625,6660.0,0.7016621067499121,0.36746599145408254,0.0,0.0,0.3409925428350107,0.0,0.0,3.341961082381507,0.0,384,274276,3184.7999968528748,24.228863302152604,15.848865677734196,11320.217402672459,131.4465295848164,1914.162109375,6660.0,0.7016621067499121,val_loss,0.7016621067499121,0.7016621067499121,36,106597,True
37,0.7036490174930404,0.36640124242973904,0.0,0.0,0.3264037582514816,0.0,0.0,3.372477686382424,0.0,2881,2881,1835541,21312.510020256042,361.40814250381663,7.971596821368172,5078.859007667808,58.97075221549822,4283.166015625,6660.0,0.7011628911520044,0.3721430287793434,0.0,0.0,0.29023361314830254,0.0,0.0,3.2901985730665424,0.0,384,274276,3184.7999968528748,24.2173788161017,15.856381605786556,11325.585732574775,131.50886481303908,1914.162109375,6660.0,0.7011628911520044,val_loss,0.7011628911520044,0.7011628911520044,37,109478,True
38,0.7032381674971112,0.3715380942730213,0.0,0.0,0.3062682571437524,0.0,0.0,3.317000671471212,0.0,2881,2881,1835541,21312.510047912598,358.530579213053,8.03557678768593,5119.621885611183,59.444051033783275,4281.44482421875,6660.0,0.701012512203306,0.35759710100440617,0.0,0.0,0.32320076989951,0.0,0.0,3.434154051511238,0.0,384,274276,3184.7999968528748,24.277541795978323,15.81708738170564,11297.519423710146,131.18296834239,1914.162109375,6660.0,0.701012512203306,val_loss,0.701012512203306,0.701012512203306,38,112359,True
39,0.700361242934839,0.36519593410827517,0.0,0.0,0.32569590015081495,0.0,0.0,3.3516530323177522,0.0,2881,2881,1835541,21312.509999275208,359.14025739906356,8.021935554829037,5110.930791477419,59.34313839841553,4286.0888671875,6660.0,0.6982142912844816,0.361186836923783,0.0,0.0,0.31231226650318905,0.0,0.0,3.3702744908320406,0.0,384,274276,3184.7999968528748,24.08180207805708,15.945650527121229,11389.346989522663,132.2492389286269,1914.162109375,6660.0,0.6982142912844816,val_loss,0.6982142912844816,0.6982142912844816,39,115240,True
40,0.698037191009985,0.363483716984283,0.0,0.0,0.31612882644655066,0.0,0.0,3.3455346805153106,0.0,2881,2881,1835541,21312.5100440979,359.0059665371664,8.024936264399779,5112.842601767662,59.36533659780138,4289.79296875,6660.0,0.69661318945388,0.3631566109931252,0.0,0.0,0.30584901338200626,0.0,0.0,3.334565714777758,0.0,384,274276,3184.7999968528748,23.78630318888463,16.143744446150155,11530.837634667396,133.89218036794955,1914.162109375,6660.0,0.69661318945388,val_loss,0.69661318945388,0.69661318945388,40,118121,True
41,0.6988034678370288,0.3633255513791604,0.0,0.0,0.3117276217740938,0.0,0.0,3.3547791043469077,0.0,2881,2881,1835541,21312.510060310364,358.02898094384,8.046834623289644,5126.794471109926,59.52733212860615,4280.70654296875,6660.0,0.696196532032142,0.3570901943312492,0.0,0.0,0.3971329407055843,0.0,0.0,3.391063345829025,0.0,384,274276,3184.7999968528748,24.267300644190982,15.823762421302533,11302.28714027389,131.23832945199203,1914.162109375,6660.0,0.696196532032142,val_loss,0.696196532032142,0.696196532032142,41,121002,True
42,0.6969622865976124,0.36664937234346917,0.0,0.0,0.3228813493566142,0.0,0.0,3.303129087012495,0.0,2881,2881,1835541,21312.510052204132,359.13558996096253,8.022039810404644,5110.997214727508,59.34390978772326,4289.8544921875,6660.0,0.6963989874348044,0.360991062935985,0.0,0.0,0.30649006362970493,0.0,0.0,3.354079174110666,0.0,384,274276,3184.7999968528748,24.5331890899688,15.65226594030578,11179.793992300281,129.81598051413076,1914.162109375,6660.0,0.696196532032142,val_loss,0.6963989874348044,0.696196532032142,41,123883,False
43,0.696374769220746,0.36606498794350223,0.0,0.0,0.3124582966657388,0.0,0.0,3.3030977426966377,0.0,2881,2881,1835541,21312.510050296783,360.05364283407107,8.001585478549636,5097.965363027586,59.192596643491115,4281.44482421875,6660.0,0.6922282373222212,0.36113031247320276,0.0,0.0,0.32344883775779937,0.0,0.0,3.3109791848498085,0.0,384,274276,3184.7999968528748,24.24199904501438,15.840277828860552,11314.0834421577,131.375304113291,1914.162109375,6660.0,0.6922282373222212,val_loss,0.6922282373222212,0.6922282373222212,43,126764,True
44,0.6956026700895224,0.36761539706754076,0.0,0.0,0.33419490583287537,0.0,0.0,3.27987267258514,0.0,2881,2881,1835541,21312.51004934311,361.8907605269924,7.96096588872463,5072.08583420878,58.892108818438516,4281.32666015625,6660.0,0.6888937516293178,0.35962746720178984,0.0,0.0,0.3059779812526055,0.0,0.0,3.2926627841467657,0.0,384,274276,3184.7999968528748,24.081820033024997,15.94563863833362,11389.33849783227,132.24914032599477,1914.162109375,6660.0,0.6888937516293178,val_loss,0.6888937516293178,0.6888937516293178,44,129645,True
45,0.6948253962779285,0.3634193644583153,0.0,0.0,0.3279837571011442,0.0,0.0,3.3140602580522835,0.0,2881,2881,1835541,21312.51003885269,358.9732479429804,8.025667696712654,5113.308611486165,59.37074743307331,4284.5107421875,6660.0,0.6884939128067344,0.35209617583313957,0.0,0.0,0.31893490137493546,0.0,0.0,3.3639772944152355,0.0,384,274276,3184.7999968528748,24.17542878491804,15.883896141670931,11345.238276439937,131.7370634948046,1914.162109375,6660.0,0.6884939128067344,val_loss,0.6884939128067344,0.6884939128067344,45,132526,True
46,0.6923489540205031,0.36018471209237307,0.0,0.0,0.32696539051126056,0.0,0.0,3.3216423594943354,0.0,2881,2881,1835541,21312.510045051575,360.0352846479509,8.00199347910329,5098.225308096748,59.19561485728083,4282.173828125,6660.0,0.6898899165292581,0.35237554205135285,0.0,0.0,0.3225274958385853,0.0,0.0,3.3751437006673464,0.0,384,274276,3184.7999968528748,23.85927388095297,16.094370764005102,11495.571967886102,133.48268739206367,1914.162109375,6660.0,0.6884939128067344,val_loss,0.6898899165292581,0.6884939128067344,45,135407,False
47,0.6937378274198622,0.36653703736663074,0.0,0.0,0.3196976505217027,0.0,0.0,3.2720078430482804,0.0,2881,2881,1835541,21312.51003551483,359.8031312408857,8.007156552707126,5101.514802468792,59.233809227875376,4296.8798828125,6660.0,0.6830736216312895,0.3595711536957727,0.0,0.0,0.38544195401967346,0.0,0.0,3.235024613328278,0.0,384,274276,3184.7999968528748,23.889815823873505,16.073794910392827,11480.875450111727,133.3120364063355,1914.162109375,6660.0,0.6830736216312895,val_loss,0.6830736216312895,0.6830736216312895,47,138288,True
48,0.6914567087868443,0.36217794045712187,0.0,0.0,0.3231951116420347,0.0,0.0,3.2927876264012053,0.0,2881,2881,1835541,21312.510073184967,360.7740344949998,7.985607955496946,5087.7857730790765,59.074401246801344,4279.99609375,6660.0,0.6854379922151566,0.3526173966723339,0.0,0.0,0.40847082681648317,0.0,0.0,3.3282058998011053,0.0,384,274276,3184.7999968528748,23.916946130106226,16.055561521570166,11467.852062214008,133.160813237937,1914.162109375,6660.0,0.6830736216312895,val_loss,0.6854379922151566,0.6830736216312895,47,141169,False
49,0.6898937321131281,0.3623392255676161,0.0,0.0,0.31070398298748086,0.0,0.0,3.275545003440222,0.0,2881,2881,1835541,21312.51004219055,358.919555204222,8.026868300226042,5114.073539279836,59.379629037108124,4280.38330078125,6660.0,0.6886079941565791,0.3505551317163433,0.0,0.0,0.32462108929030364,0.0,0.0,3.3805285611500344,0.0,384,274276,3184.7999968528748,23.686271707993,16.211922447483285,11579.5344823071,134.45763166594745,1914.162109375,6660.0,0.6830736216312895,val_loss,0.6886079941565791,0.6830736216312895,47,144050,False
50,0.6888146255422657,0.3599505765416589,0.0,0.0,0.306886788547661,0.0,0.0,3.2886404329519725,0.0,2881,2881,1835541,21312.5100274086,359.1749436429236,8.021160860441777,5110.437218651913,59.33740759098326,4297.1826171875,6660.0,0.6849325257353485,0.36700441682478413,0.0,0.0,0.3649691623062002,0.0,0.0,3.1792810282980404,0.0,384,274276,3184.7999968528748,24.109072180930525,15.927614182669844,11376.46434261967,132.09964999698104,1914.162109375,6660.0,0.6830736216312895,val_loss,0.6849325257353485,0.6830736216312895,47,146931,False
51,0.6888157102392184,0.35795972837378937,0.0,0.0,0.3137925827534044,0.0,0.0,3.3085597535670943,0.0,2881,2881,1835541,21312.510009288788,359.30126376007684,8.018340848151833,5108.640534105333,59.31654619372617,4319.826171875,6660.0,0.6778772873803973,0.34299369452734635,0.0,0.0,0.3263625852596306,0.0,0.0,3.3488358600685992,0.0,384,274276,3184.7999968528748,23.947177059017122,16.03529297226321,11453.375039740791,132.99271095728852,1914.162109375,6660.0,0.6778772873803973,val_loss,0.6778772873803973,0.6778772873803973,51,149812,True
52,0.6870277067908228,0.3568365210576739,0.0,0.0,0.3413886722852565,0.0,0.0,3.301911801306666,0.0,2881,2881,1835541,21312.510023593903,359.7043588820379,8.009355263178227,5102.915643571477,59.250074393964084,4295.0400390625,6660.0,0.6883822010519604,0.34301350272532244,0.0,0.0,0.3291594402702079,0.0,0.0,3.4536869230214506,0.0,384,274276,3184.7999968528748,23.83181917015463,16.11291178647813,11508.815086323113,133.63646199704738,1914.162109375,6660.0,0.6778772873803973,val_loss,0.6883822010519604,0.6778772873803973,51,152693,False
53,0.6873203348426594,0.3600518077635198,0.0,0.0,0.31337431072283645,0.0,0.0,3.272685211282437,0.0,2881,2881,1835541,21312.51005268097,359.1941063569393,8.020732938020663,5110.164580974448,59.334242058811085,4286.478515625,6660.0,0.6850079481179515,0.3662976969353622,0.0,0.0,0.314664487685756,0.0,0.0,3.1871024494369826,0.0,384,274276,3184.7999968528748,24.37706438684836,15.752512029593332,11251.395805804012,130.6473965163378,1914.162109375,6660.0,0.6778772873803973,val_loss,0.6850079481179515,0.6778772873803973,51,155574,False
54,0.6841945635366258,0.35759974251469256,0.0,0.0,0.3137920827018753,0.0,0.0,3.2659481523952234,0.0,2881,2881,1835541,21312.5100440979,359.2351781129837,8.019815918734695,5109.580330194446,59.32745828526533,4297.6748046875,6660.0,0.6837103087455034,0.3657376985841741,0.0,0.0,0.2842767282866892,0.0,0.0,3.1797260547367237,0.0,384,274276,3184.7999968528748,23.957616720115766,16.028305506598173,11448.38416960344,132.9347586639864,1914.162109375,6660.0,0.6778772873803973,val_loss,0.6837103087455034,0.6778772873803973,51,158455,False
55,0.6838024473053761,0.3602828892091395,0.0,0.0,0.317310423572625,0.0,0.0,3.2351955274499486,0.0,2881,2881,1835541,21312.510026931763,359.38679270586,8.016432597059719,5107.424750308779,59.30242974837136,4294.03515625,6660.0,0.6857279506511986,0.3526106202140606,0.0,0.0,0.3968213056626458,0.0,0.0,3.3311732343087592,0.0,384,274276,3184.7999968528748,24.044662263942882,15.970280463279465,11406.939177985518,132.4535134614374,1914.162109375,6660.0,0.6778772873803973,val_loss,0.6857279506511986,0.6778772873803973,51,161336,False
56,0.6839743003854318,0.3578273244493074,0.0,0.0,0.31893621780174175,0.0,0.0,3.261469694857215,0.0,2881,2881,1835541,21312.510061264038,365.1118060380686,7.890733611883289,5027.339487917343,58.3725579639073,4295.6142578125,6660.0,0.679217356412361,0.3602866146344847,0.0,0.0,0.28471378770821804,0.0,0.0,3.1893073649456105,0.0,384,274276,3184.7999968528748,24.22586301807314,15.850828501487262,11321.619369984168,131.46280875430233,1914.162109375,6660.0,0.6778772873803973,val_loss,0.679217356412361,0.6778772873803973,51,164217,False
57,0.6830814422335487,0.36115215750490676,0.0,0.0,0.3004141897519133,0.0,0.0,3.2192927827979076,0.0,2881,2881,1835541,21312.510047912598,367.06680285185575,7.848707585694533,5000.563891202128,58.061665839376104,4285.6513671875,6660.0,0.6830781969862679,0.36111598609325785,0.0,0.0,0.2906870821910464,0.0,0.0,3.2196220563879856,0.0,384,274276,3184.7999968528748,24.731647943146527,15.526664494122867,11090.081851015739,128.7742735208806,1914.162109375,6660.0,0.6778772873803973,val_loss,0.6830781969862679,0.6778772873803973,51,167098,False
58,0.6830636708532014,0.3579526992113236,0.0,0.0,0.30735062293308124,0.0,0.0,3.251109656371908,0.0,2881,2881,1835541,21312.51003551483,362.0188494238537,7.958149153241767,5070.291237379572,58.87127167392885,4284.6044921875,6660.0,0.6845482725184411,0.35567214685336995,0.0,0.0,0.2920247144077924,0.0,0.0,3.28876118392994,0.0,384,274276,3184.7999968528748,24.32940311706625,15.783371180636859,11273.437275886341,130.90333460005215,1914.162109375,6660.0,0.6778772873803973,val_loss,0.6845482725184411,0.6778772873803973,51,169979,False
59,0.679664261967554,0.3560488566870037,0.0,0.0,0.30095743623451277,0.0,0.0,3.2361539938784194,0.0,2881,2881,1835541,21312.51002407074,362.9241136771161,7.938298645438447,5057.64409369897,58.72442535750576,4299.1513671875,6660.0,0.6739499014802277,0.348160172647719,0.0,0.0,0.3079617121620686,0.0,0.0,3.2578972236563764,0.0,384,274276,3184.7999968528748,24.287969374097884,15.810296615801901,11292.669048426256,131.12664742773154,1914.162109375,6660.0,0.6739499014802277,val_loss,0.6739499014802277,0.6739499014802277,59,172860,True
60,0.6796332509184165,0.3569204921826736,0.0,0.0,0.314465123782641,0.0,0.0,3.2271275258817345,0.0,2881,2881,1835541,21312.51006436348,360.20147113106214,7.998301592032437,5095.873135210278,59.1683037757743,4297.5927734375,6660.0,0.6808167269142965,0.3582053978364759,0.0,0.0,0.30530412752826425,0.0,0.0,3.2261132335600755,0.0,384,274276,3184.7999968528748,24.578114066971466,15.62365602802806,11159.359064436001,129.5786970544119,1914.162109375,6660.0,0.6739499014802277,val_loss,0.6808167269142965,0.6739499014802277,59,175741,False
61,0.6789461162945993,0.3556859179657549,0.0,0.0,0.3009843600408621,0.0,0.0,3.2326019251669336,0.0,2881,2881,1835541,21312.51005077362,361.42592716403306,7.971204563563197,5078.609092609287,58.967850530271846,4298.3310546875,6660.0,0.6769237310315172,0.35198120766047697,0.0,0.0,0.3035658814733324,0.0,0.0,3.2494251540241144,0.0,384,274276,3184.7999968528748,24.02826582407579,15.981178284420364,11414.723060254375,132.54389726543545,1914.162109375,6660.0,0.6739499014802277,val_loss,0.6769237310315172,0.6739499014802277,59,178622,False
62,0.6796974223423898,0.36008014328808824,0.0,0.0,0.31304169246065083,0.0,0.0,3.1961727321603073,0.0,2881,2881,1835541,21312.5100274086,360.83683730009943,7.984218079164519,5086.900255899937,59.06411935897634,4292.78515625,6660.0,0.6742126131430268,0.35996174936493236,0.0,0.0,0.2773816752863543,0.0,0.0,3.1425085750718913,0.0,384,274276,3184.7999968528748,24.37372861406766,15.754667908231681,11252.935664578523,130.66527683477693,1914.162109375,6660.0,0.6739499014802277,val_loss,0.6742126131430268,0.6739499014802277,59,181503,False
63,0.6780459925723713,0.3533244685201037,0.0,0.0,0.3290874415023284,0.0,0.0,3.2472151772030853,0.0,2881,2881,1835541,21312.510051250458,360.02047450700775,8.002322656635245,5098.435033489384,59.19805000100241,4282.3076171875,6660.0,0.6753638424755385,0.353461111158443,0.0,0.0,0.29198019336278475,0.0,0.0,3.219027233775705,0.0,384,274276,3184.7999968528748,24.015272696036845,15.989824677833875,11420.898836816572,132.61560829073787,1914.162109375,6660.0,0.6739499014802277,val_loss,0.6753638424755385,0.6739499014802277,59,184384,False
64,0.6785634440376046,0.3559417541202511,0.0,0.0,0.3210770016146907,0.0,0.0,3.226216840861945,0.0,2881,2881,1835541,21312.510054588318,360.475044650957,7.992231481071408,5092.005749738734,59.12339944426646,4284.353515625,6660.0,0.673100419032077,0.34839458393495687,0.0,0.0,0.303540931767202,0.0,0.0,3.247058272982637,0.0,384,274276,3184.7999968528748,24.064048314932734,15.957414769721526,11397.749722344117,132.3468086155967,1914.162109375,6660.0,0.673100419032077,val_loss,0.673100419032077,0.673100419032077,64,187265,True
65,0.6768015754880776,0.3554974402411246,0.0,0.0,0.31190621770394034,0.0,0.0,3.2130412878736943,0.0,2881,2881,1835541,21312.510041713715,358.80117630795576,8.02951659647644,5115.760820205818,59.399220094589054,4288.69091796875,6660.0,0.6725016859515259,0.3516013301850762,0.0,0.0,0.28847768656366196,0.0,0.0,3.2090035065387688,0.0,384,274276,3184.7999968528748,24.06690201209858,15.955522642962556,11396.398251096869,132.331115789305,1914.162109375,6660.0,0.6725016859515259,val_loss,0.6725016859515259,0.6725016859515259,65,190146,True
66,0.676393519193503,0.35586170688742197,0.0,0.0,0.311268266379647,0.0,0.0,3.205318060932123,0.0,2881,2881,1835541,21312.510043621063,360.25618442706764,7.997086863565687,5095.099208134753,59.1593176325768,4279.45263671875,6660.0,0.6672228921670467,0.35368720733337494,0.0,0.0,0.3039829261336611,0.0,0.0,3.13535679023092,0.0,384,274276,3184.7999968528748,24.250468376092613,15.83474570654344,11310.13206616643,131.3294220738688,1914.162109375,6660.0,0.6672228921670467,val_loss,0.6672228921670467,0.6672228921670467,66,193027,True
67,0.67326907424081,0.3506044362061028,0.0,0.0,0.3030775431983227,0.0,0.0,3.226646324136695,0.0,2881,2881,1835541,21312.51003885269,360.0051951620262,8.002662291313209,5098.651421332642,59.20056245094088,4285.7373046875,6660.0,0.6726151603894929,0.352943175258891,0.0,0.0,0.3055451033760619,0.0,0.0,3.196719780253867,0.0,384,274276,3184.7999968528748,24.15286550903693,15.89873465971664,11355.836842521981,131.8601304537246,1914.162109375,6660.0,0.6672228921670467,val_loss,0.6726151603894929,0.6672228921670467,66,195908,False
68,0.6743045935238537,0.3542816631320744,0.0,0.0,0.31291936674416815,0.0,0.0,3.2002292483972616,0.0,2881,2881,1835541,21312.5100440979,360.45613451721147,7.992650766947718,5092.272884905929,59.12650112792087,4287.494140625,6660.0,0.6740906454312304,0.3543121573990599,0.0,0.0,0.29249669784500537,0.0,0.0,3.1977848252281547,0.0,384,274276,3184.7999968528748,24.19104171707295,15.873644652887771,11337.916043790225,131.65204020979328,1914.162109375,6660.0,0.6672228921670467,val_loss,0.6740906454312304,0.6672228921670467,66,198789,False
69,0.6741406607032029,0.3511091138778338,0.0,0.0,0.3056427984755759,0.0,0.0,3.2303154106170755,0.0,2881,2881,1835541,21312.51005935669,361.5998099700082,7.9673714436933905,5076.166937566265,58.939494633928014,4296.3212890625,6660.0,0.6700604616974791,0.3481234696713121,0.0,0.0,0.2842108874938276,0.0,0.0,3.219369872007519,0.0,384,274276,3184.7999968528748,23.823204084997997,16.1187386310397,11512.976970747512,133.68478838908214,1914.162109375,6660.0,0.6672228921670467,val_loss,0.6700604616974791,0.6672228921670467,66,201670,False
70,0.6706497491709436,0.34887930658005545,0.0,0.0,0.30467696756309404,0.0,0.0,3.217704362078534,0.0,2881,2881,1835541,21312.51003885269,360.8534110370092,7.98385136978662,5086.666618240021,59.0614066182871,4297.205078125,6660.0,0.6742053344690552,0.36261685160085716,0.0,0.0,0.28250931175474153,0.0,0.0,3.115884767534832,0.0,384,274276,3184.7999968528748,24.14883519290015,15.901388076593337,11357.732073165922,131.88213722992396,1914.162109375,6660.0,0.6672228921670467,val_loss,0.6742053344690552,0.6672228921670467,66,204551,False
71,0.6703792957848288,0.35016069153704577,0.0,0.0,0.3100034305361946,0.0,0.0,3.2021859873503873,0.0,2881,2881,1835541,21312.510038375854,358.863956828136,8.028111893610268,5114.865856754351,59.3888286434479,4281.19873046875,6660.0,0.6711810099271437,0.35315765924557735,0.0,0.0,0.36457930544444633,0.0,0.0,3.1802334483557693,0.0,384,274276,3184.7999968528748,24.456218285951763,15.70152815574838,11214.980042828236,130.2245490130541,1914.162109375,6660.0,0.6672228921670467,val_loss,0.6711810099271437,0.6672228921670467,66,207432,False
72,0.6705191027514018,0.35357796076552006,0.0,0.0,0.32015331961645777,0.0,0.0,3.1694113683448157,0.0,2881,2881,1835541,21312.510024547577,358.44269228191115,8.03754703899536,5120.877170949178,59.45862611640448,4290.25048828125,6660.0,0.6654280078752587,0.3413789028224225,0.0,0.0,0.29460206819324714,0.0,0.0,3.2404909978310266,0.0,384,274276,3184.7999968528748,24.23048434103839,15.847805375876518,11319.460071025802,131.43773570629298,1914.162109375,6660.0,0.6654280078752587,val_loss,0.6654280078752587,0.6654280078752587,72,210313,True
73,0.669382531075625,0.34846925541062873,0.0,0.0,0.31113065675215223,0.0,0.0,3.2091327026791556,0.0,2881,2881,1835541,21312.51002550125,358.8805979739409,8.027739633361834,5114.628682527114,59.38607477200202,4281.9794921875,6660.0,0.6674967853662869,0.3439547582286953,0.0,0.0,0.3077921796684677,0.0,0.0,3.2354202058631927,0.0,384,274276,3184.7999968528748,24.117968876147643,15.921738765479999,11372.267764689563,132.05092075571093,1914.162109375,6660.0,0.6654280078752587,val_loss,0.6674967853662869,0.6654280078752587,72,213194,False
74,0.6682193014655664,0.35038506111316964,0.0,0.0,0.3288685611283671,0.0,0.0,3.178342345273151,0.0,2881,2881,1835541,21312.510006427765,358.90145820588805,8.027273041468893,5114.3314077788455,59.382623054714905,4286.07421875,6660.0,0.6697734709208211,0.3499507079056154,0.0,0.0,0.3696209332471578,0.0,0.0,3.1982275649594762,0.0,384,274276,3184.7999968528748,24.436525341123343,15.714181727538012,11224.01798828702,130.32949457398064,1914.162109375,6660.0,0.6654280078752587,val_loss,0.6697734709208211,0.6654280078752587,72,216075,False
