best_checkpoint_epoch,best_checkpoint_metric_value,best_val_loss,checkpoint_improved,checkpoint_metric_name,checkpoint_metric_value,epoch,global_step,train_audio_mrstft,train_audio_seconds_per_sec,train_audio_seconds_seen,train_audio_wave_l1,train_batches_per_epoch,train_diffusion_loss,train_elapsed_sec,train_loss,train_onset_weighted_x0,train_peak_gpu_mem_allocated_mb,train_peak_gpu_mem_reserved_mb,train_quant_embed_mse,train_rvq_ce,train_steps,train_steps_per_sec,train_tokens_per_sec,train_valid_tokens_seen,train_x0,train_x0_loss,val_audio_mrstft,val_audio_seconds_per_sec,val_audio_seconds_seen,val_audio_wave_l1,val_diffusion_loss,val_elapsed_sec,val_loss,val_onset_weighted_x0,val_peak_gpu_mem_allocated_mb,val_peak_gpu_mem_reserved_mb,val_quant_embed_mse,val_rvq_ce,val_steps,val_steps_per_sec,val_tokens_per_sec,val_valid_tokens_seen,val_x0,val_x0_loss
0,0.4341400299357095,0.4341400299357095,True,val_loss,0.4341400299357095,0,2881,0.0,52.84116719140211,21312.510038375854,0.0,2881,0.4575197173186171,403.33155324100517,0.4575197173186171,0.0,6113.86865234375,9024.0,0.0,0.0,2881,7.143006731929298,4550.9481845651635,1835541,0.3990790640999308,0.0,0.0,136.7930629170023,3184.7999968528748,0.0,0.4341400299357095,23.281882347975625,0.4341400299357095,0.0,2372.57568359375,9024.0,0.0,0.0,384,16.49351174705979,11780.66257275149,274276,0.369046530497144,0.0
1,0.4095777453039773,0.4095777453039773,True,val_loss,0.4095777453039773,1,5762,0.0,53.31381360374456,21312.510011196136,0.0,2881,0.4243844216767051,399.7558713319886,0.4243844216767051,0.0,6107.71240234375,6838.0,0.0,0.0,2881,7.206898526344324,4591.65488647851,1835541,0.3579574631739127,0.0,0.0,127.92636333272702,3184.7999968528748,0.0,0.4095777453039773,24.89557206101017,0.4095777453039773,0.0,2372.57568359375,6838.0,0.0,0.0,384,15.424429655962632,11017.059552913559,274276,0.3448912095251823,0.0
1,0.4095777453039773,0.4095777453039773,False,val_loss,0.4199687321088277,2,8643,0.0,51.90418495415216,21312.51003217697,0.0,2881,0.40566869484146245,410.6125556350162,0.40566869484146245,0.0,6107.71240234375,6838.0,0.0,0.0,2881,7.016346578941081,4470.250543511313,1835541,0.34378100179959475,0.0,0.0,136.02719063317537,3184.7999968528748,0.0,0.4199687321088277,23.412966055009747,0.4199687321088277,0.0,2372.57568359375,6838.0,0.0,0.0,384,16.401168442211716,11714.705405354325,274276,0.31213146279696957,0.0
3,0.3857829985839392,0.3857829985839392,True,val_loss,0.3857829985839392,3,11524,0.0,51.5045805759877,21312.510051250458,0.0,2881,0.40018763188828727,413.79834206798114,0.40018763188828727,0.0,6107.71240234375,6838.0,0.0,0.0,2881,6.96232852360412,4435.834592344613,1835541,0.3193866842263435,0.0,0.0,133.87285394582125,3184.7999968528748,0.0,0.3857829985839392,23.789737075014273,0.3857829985839392,0.0,2372.57568359375,6838.0,0.0,0.0,384,16.14141420685582,11529.173236978091,274276,0.31941759980812395,0.0
3,0.3857829985839392,0.3857829985839392,False,val_loss,0.4016684566522599,4,14405,0.0,51.3263925960385,21312.51006603241,0.0,2881,0.39863353533976115,415.2349110869982,0.39863353533976115,0.0,6107.71240234375,6838.0,0.0,0.0,2881,6.9382412775894595,4420.488140544198,1835541,0.3158769830130364,0.0,0.0,128.33247113466228,3184.7999968528748,0.0,0.4016684566522599,24.81679008199717,0.4016684566522599,0.0,2372.57568359375,6838.0,0.0,0.0,384,15.473395178474952,11052.03368742551,274276,0.28451936313407106,0.0
3,0.3857829985839392,0.3857829985839392,False,val_loss,0.39328180635736015,5,17286,0.0,46.27489032086339,21312.51003551483,0.0,2881,0.3899104904221143,460.563166929991,0.3899104904221143,0.0,6107.71240234375,6838.0,0.0,0.0,2881,6.255385160745894,3985.4272590561195,1835541,0.2997724863080549,0.0,0.0,134.94196805855344,3184.7999968528748,0.0,0.39328180635736015,23.601256471010856,0.39328180635736015,0.0,2372.57568359375,6838.0,0.0,0.0,384,16.270320203996878,11621.245688206895,274276,0.27985765590589534,0.0
6,0.37376708701776806,0.37376708701776806,True,val_loss,0.37376708701776806,6,20167,0.0,33.37295333480136,21312.510053157806,0.0,2881,0.3827714577285881,638.6162423010101,0.3827714577285881,0.0,6107.71240234375,6838.0,0.0,0.0,2881,4.511316513998165,2874.247284075219,1835541,0.3117134485952039,0.0,0.0,132.74579397070642,3184.7999968528748,0.0,0.37376708701776806,23.99172057802207,0.37376708701776806,0.0,2372.57568359375,6838.0,0.0,0.0,384,16.00552151944318,11432.110469444786,274276,0.30759304976042284,0.0
6,0.37376708701776806,0.37376708701776806,False,val_loss,0.376067660569485,7,23048,0.0,51.26699744121201,21312.5100274086,0.0,2881,0.3804396474953768,415.7159789169964,0.3804396474953768,0.0,6107.71240234375,6838.0,0.0,0.0,2881,6.930212323099644,4415.372737853052,1835541,0.30346896119059524,0.0,0.0,127.77068427198893,3184.7999968528748,0.0,0.376067660569485,24.925905461015645,0.376067660569485,0.0,2372.57568359375,6838.0,0.0,0.0,384,15.405659008078148,11003.652422134484,274276,0.2939321730082156,0.0
6,0.37376708701776806,0.37376708701776806,False,val_loss,0.3747129723827432,8,25929,0.0,50.79535770770125,21312.51005268097,0.0,2881,0.3794324580991834,419.57594186702045,0.3794324580991834,0.0,6107.71240234375,6838.0,0.0,0.0,2881,6.866456611359043,4374.752736851992,1835541,0.2971759263116702,0.0,0.0,129.75594601102526,3184.7999968528748,0.0,0.3747129723827432,24.5445399209857,0.3747129723827432,0.0,2372.57568359375,6838.0,0.0,0.0,384,15.645027416940016,11174.623801585,274276,0.2887484137827414,0.0
9,0.36447258507056784,0.36447258507056784,True,val_loss,0.36447258507056784,9,28810,0.0,50.435193417604694,21312.510041236877,0.0,2881,0.3725912597250867,422.5721881299978,0.3725912597250867,0.0,6107.71240234375,6838.0,0.0,0.0,2881,6.817770030605291,4343.733571588777,1835541,0.31066916453051135,0.0,0.0,125.54311099155464,3184.7999968528748,0.0,0.36447258507056784,25.36817808399792,0.36447258507056784,0.0,2372.57568359375,6838.0,0.0,0.0,384,15.13707443745141,10811.813094808394,274276,0.29144305986968294,0.0
9,0.36447258507056784,0.36447258507056784,False,val_loss,0.373287201965771,10,31691,0.0,38.91499527406417,21312.51006603241,0.0,2881,0.37074922342745587,547.668319524033,0.37074922342745587,0.0,6112.58642578125,9526.0,0.0,0.0,2881,5.260483210903666,3351.555922743952,1835541,0.3038692756210729,0.0,0.0,65.44683777263701,3184.7999968528748,0.0,0.373287201965771,48.662396920030005,0.373287201965771,0.0,2372.65283203125,9526.0,0.0,0.0,384,7.891103281062203,5636.3027174911895,274276,0.2748118656381848,0.0
9,0.36447258507056784,0.36447258507056784,False,val_loss,0.3647333074283476,11,34572,0.0,48.86529116464409,21312.51001739502,0.0,2881,0.3713136917259447,436.1482252420392,0.3713136917259447,0.0,6108.68701171875,7060.0,0.0,0.0,2881,6.605552500875585,4208.52566574442,1835541,0.27971670473950017,0.0,0.0,132.42035288470524,3184.7999968528748,0.0,0.3647333074283476,24.05068350501824,0.3647333074283476,0.0,2372.65283203125,7060.0,0.0,0.0,384,15.966282202328152,11404.08337845249,274276,0.2740979939650667,0.0
12,0.3573837127672353,0.3573837127672353,True,val_loss,0.3573837127672353,12,37453,0.0,48.78765023047558,21312.51002550125,0.0,2881,0.36979372805829464,436.84231408603955,0.36979372805829464,0.0,6108.68701171875,7060.0,0.0,0.0,2881,6.595057088340037,4201.838834775689,1835541,0.2963788200960828,0.0,0.0,133.90460299412803,3184.7999968528748,0.0,0.3573837127672353,23.784096480929293,0.3573837127672353,0.0,2372.65283203125,7060.0,0.0,0.0,384,16.14524227598476,11531.907475229156,274276,0.2750627455328261,0.0
12,0.3573837127672353,0.3573837127672353,False,val_loss,0.3618246364252021,13,40334,0.0,49.09440465933367,21312.510028362274,0.0,2881,0.36199409504579777,434.1128113529412,0.36199409504579777,0.0,6108.68701171875,7060.0,0.0,0.0,2881,6.636523789798264,4228.258074852514,1835541,0.28611974865641004,0.0,0.0,131.97815669122318,3184.7999968528748,0.0,0.3618246364252021,24.131265935953707,0.3618246364252021,0.0,2372.65283203125,7060.0,0.0,0.0,384,15.91296540426708,11366.001300054057,274276,0.3383289998540325,0.0
12,0.3573837127672353,0.3573837127672353,False,val_loss,0.36221754729437333,14,43215,0.0,48.63591751103428,21312.51003217697,0.0,2881,0.36310390733455267,438.20516035996843,0.36310390733455267,0.0,6108.68701171875,7060.0,0.0,0.0,2881,6.5745460360014265,4188.770845355118,1835541,0.27941337699172075,0.0,0.0,136.88726094299966,3184.7999968528748,0.0,0.36221754729437333,23.26586108095944,0.36221754729437333,0.0,2372.65283203125,7060.0,0.0,0.0,384,16.5048694593239,11788.774937045631,274276,0.2617172662952119,0.0
15,0.34664738587647054,0.34664738587647054,True,val_loss,0.34664738587647054,15,46096,0.0,48.85667927358941,21312.510053157806,0.0,2881,0.3649594647520865,436.2251051450148,0.3649594647520865,0.0,6108.68701171875,7060.0,0.0,0.0,2881,6.604388344504533,4207.783959132313,1835541,0.2669772449788708,0.0,0.0,134.3445428880579,3184.7999968528748,0.0,0.34664738587647054,23.706210378091782,0.34664738587647054,0.0,2372.65283203125,7060.0,0.0,0.0,384,16.19828702587047,11569.795240384503,274276,0.28276388940018177,0.0
15,0.34664738587647054,0.34664738587647054,False,val_loss,0.35978256205756526,16,48977,0.0,50.00043051062823,21312.51007270813,0.0,2881,0.3591155295335571,426.24653138092253,0.3591155295335571,0.0,6108.68701171875,7060.0,0.0,0.0,2881,6.758999283035443,4306.289587984089,1835541,0.2692770793075851,0.0,0.0,143.41319201225747,3184.7999968528748,0.0,0.35978256205756526,22.20716206205543,0.35978256205756526,0.0,2372.65283203125,7060.0,0.0,0.0,384,17.291718722408337,12350.79021955018,274276,0.2473681388546538,0.0
15,0.34664738587647054,0.34664738587647054,False,val_loss,0.3626967951422557,17,51858,0.0,51.604543158537425,21312.51005268097,0.0,2881,0.3620190056734607,412.99677796207834,0.3620190056734607,0.0,6108.68701171875,7060.0,0.0,0.0,2881,6.975841347276892,4444.443874495652,1835541,0.27162740482159636,0.0,0.0,147.04087948139033,3184.7999968528748,0.0,0.3626967951422557,21.659282834036276,0.3626967951422557,0.0,2372.65283203125,7060.0,0.0,0.0,384,17.729118869834732,12663.207831101017,274276,0.2595790085554957,0.0
18,0.34168245690428495,0.34168245690428495,True,val_loss,0.34168245690428495,18,54739,0.0,52.86419397738864,21312.51005601883,0.0,2881,0.35595098755668936,403.1558688880177,0.35595098755668936,0.0,6108.68701171875,7060.0,0.0,0.0,2881,7.146119459816766,4552.931363898481,1835541,0.2868976412099844,0.0,0.0,144.58145634337458,3184.7999968528748,0.0,0.34168245690428495,22.027721102000214,0.34168245690428495,0.0,2372.65283203125,7060.0,0.0,0.0,384,17.432579531122315,12451.40151947423,274276,0.26373054032592336,0.0
18,0.34168245690428495,0.34168245690428495,False,val_loss,0.35869853231997695,19,57620,0.0,53.19231647556507,21312.5100274086,0.0,2881,0.35954395235903724,400.6689582169056,0.35954395235903724,0.0,6108.68701171875,7060.0,0.0,0.0,2881,7.190474682194735,4581.190936699204,1835541,0.2776496203377693,0.0,0.0,146.4884408829406,3184.7999968528748,0.0,0.35869853231997695,21.740964527009055,0.35869853231997695,0.0,2372.65283203125,7060.0,0.0,0.0,384,17.662509845087705,12615.631641331447,274276,0.2467151574868088,0.0
18,0.34168245690428495,0.34168245690428495,False,val_loss,0.3662900642520981,20,60501,0.0,53.082292517965406,21312.510021686554,0.0,2881,0.349171780411048,401.49942684697453,0.349171780411048,0.0,6108.68701171875,7060.0,0.0,0.0,2881,7.1756017751379,4571.715119034501,1835541,0.2862081809141678,0.0,0.0,147.96643715856374,3184.7999968528748,0.0,0.3662900642520981,21.52379997796379,0.3662900642520981,0.0,2372.65283203125,7060.0,0.0,0.0,384,17.840715876989275,12742.917155929976,274276,0.24067000256642737,0.0
18,0.34168245690428495,0.34168245690428495,False,val_loss,0.3466716133492203,21,63382,0.0,53.055425290506676,21312.510010242462,0.0,2881,0.3593238154650885,401.7027456390206,0.3593238154650885,0.0,6108.68701171875,7060.0,0.0,0.0,2881,7.171969898828955,4569.40118016883,1835541,0.2559544020687986,0.0,0.0,146.75672579156478,3184.7999968528748,0.0,0.3466716133492203,21.70122002705466,0.3466716133492203,0.0,2372.65283203125,7060.0,0.0,0.0,384,17.694857686400656,12638.736423945902,274276,0.25751602174083627,0.0
18,0.34168245690428495,0.34168245690428495,False,val_loss,0.3488770698071069,22,66263,0.0,53.241891823793075,21312.51005935669,0.0,2881,0.3504405301804527,400.29588223295286,0.3504405301804527,0.0,6108.68701171875,7060.0,0.0,0.0,2881,7.197176208581125,4585.460609189589,1835541,0.2695735339540827,0.0,0.0,148.99701914711503,3184.7999968528748,0.0,0.3488770698071069,21.37492424400989,0.3488770698071069,0.0,2372.65283203125,7060.0,0.0,0.0,384,17.964975951089613,12831.671208231914,274276,0.25168548644190497,0.0
18,0.34168245690428495,0.34168245690428495,False,val_loss,0.34533371177773614,23,69144,0.0,53.028678342728355,21312.510023117065,0.0,2881,0.351020342820537,401.9053593109129,0.351020342820537,0.0,6108.68701171875,7060.0,0.0,0.0,2881,7.168354273602175,4567.097595182926,1835541,0.2573306318585842,0.0,0.0,145.30590074275523,3184.7999968528748,0.0,0.34533371177773614,21.917898588930257,0.34533371177773614,0.0,2372.65283203125,7060.0,0.0,0.0,384,17.51992776323644,12513.790904139161,274276,0.24960269823956574,0.0
18,0.34168245690428495,0.34168245690428495,False,val_loss,0.3451585863901225,24,72025,0.0,53.03933969280112,21312.510046482086,0.0,2881,0.3512249392713008,401.8245734189404,0.3512249392713008,0.0,6108.68701171875,7060.0,0.0,0.0,2881,7.169795454486262,4568.015799487389,1835541,0.2551884126447979,0.0,0.0,143.58015619886228,3184.7999968528748,0.0,0.3451585863901225,22.181338154012337,0.3451585863901225,0.0,2372.65283203125,7060.0,0.0,0.0,384,17.31185004862022,12365.169228998331,274276,0.2478340571312098,0.0
25,0.3406386443142158,0.3406386443142158,True,val_loss,0.3406386443142158,25,74906,0.0,52.999653557446756,21312.510023593903,0.0,2881,0.3481377714256349,402.12545918801334,0.3481377714256349,0.0,6108.68701171875,7060.0,0.0,0.0,2881,7.164430737157061,4564.597833985425,1835541,0.25587011726895725,0.0,0.0,150.13262927360483,3184.7999968528748,0.0,0.3406386443142158,21.213243331993,0.3406386443142158,0.0,2372.65283203125,7060.0,0.0,0.0,384,18.10189955351457,12929.470317551464,274276,0.24605462022615635,0.0
26,0.3382195425244087,0.3382195425244087,True,val_loss,0.3382195425244087,26,77787,0.0,52.90283321617624,21312.510044574738,0.0,2881,0.34659399255639517,402.8614111740608,0.34659399255639517,0.0,6108.68701171875,7060.0,0.0,0.0,2881,7.151342670433212,4556.259172728097,1835541,0.2752440037187713,0.0,0.0,150.05032197454307,3184.7999968528748,0.0,0.3382195425244087,21.224879460060038,0.3382195425244087,0.0,2372.65283203125,7060.0,0.0,0.0,384,18.0919755385463,12922.381986485221,274276,0.25977630672908464,0.0
27,0.33795961956639076,0.33795961956639076,True,val_loss,0.33795961956639076,27,80668,0.0,52.952213929885644,21312.51006269455,0.0,2881,0.34429821053552817,402.4857221440179,0.34429821053552817,0.0,6108.68701171875,7060.0,0.0,0.0,2881,7.158017891052337,4560.512085303748,1835541,0.26559552960311145,0.0,0.0,148.37360750811777,3184.7999968528748,0.0,0.33795961956639076,21.464733858942054,0.33795961956639076,0.0,2372.65283203125,7060.0,0.0,0.0,384,17.889809513758696,12777.982797384584,274276,0.2500239412256633,0.0
27,0.33795961956639076,0.33795961956639076,False,val_loss,0.3466086717089638,28,83549,0.0,53.00028792673901,21312.51005744934,0.0,2881,0.34515933543964133,402.1206467200536,0.34515933543964133,0.0,6108.68701171875,7060.0,0.0,0.0,2881,7.164516479069727,4564.652461821633,1835541,0.25342494735710197,0.0,0.0,149.94976995514295,3184.7999968528748,0.0,0.3466086717089638,21.239112256094813,0.3466086717089638,0.0,2372.65283203125,7060.0,0.0,0.0,384,18.079851708011322,12913.722414235712,274276,0.2412550083148138,0.0
27,0.33795961956639076,0.33795961956639076,False,val_loss,0.3383006888325326,29,86430,0.0,53.0977993185652,21312.51002931595,0.0,2881,0.34275887911481134,401.38217219605576,0.34275887911481134,0.0,6108.68701171875,7060.0,0.0,0.0,2881,7.177697963607539,4573.050641380821,1835541,0.26305663214895597,0.0,0.0,144.13731339807376,3184.7999968528748,0.0,0.3383006888325326,22.095597050967626,0.3383006888325326,0.0,2372.65283203125,7060.0,0.0,0.0,384,17.379028007898235,12413.151786183063,274276,0.2447745620168765,0.0
27,0.33795961956639076,0.33795961956639076,False,val_loss,0.34858862769518356,30,89311,0.0,53.000445888316605,21312.51003217697,0.0,2881,0.34435602528951786,402.11944777006283,0.34435602528951786,0.0,6108.68701171875,7060.0,0.0,0.0,2881,7.164537840625389,4564.666071683224,1835541,0.2502667816447631,0.0,0.0,149.04734704672177,3184.7999968528748,0.0,0.34858862769518356,21.367706705001183,0.34858862769518356,0.0,2372.65283203125,7060.0,0.0,0.0,384,17.971044122864317,12836.00546313212,274276,0.23665129493747372,0.0
27,0.33795961956639076,0.33795961956639076,False,val_loss,0.34444977168459445,31,92192,0.0,52.85963091896983,21312.510034561157,0.0,2881,0.34035995711385947,403.19067053706385,0.34035995711385947,0.0,6108.68701171875,7060.0,0.0,0.0,2881,7.145502638149858,4552.538374846314,1835541,0.2691780600896579,0.0,0.0,147.54667098523194,3184.7999968528748,0.0,0.34444977168459445,21.58503458998166,0.34444977168459445,0.0,2372.65283203125,7060.0,0.0,0.0,384,17.790103527479513,12706.766758080652,274276,0.23790185127533428,0.0
32,0.3371018207932745,0.3371018207932745,True,val_loss,0.3371018207932745,32,95073,0.0,52.84371994425896,21312.51001882553,0.0,2881,0.3406546724664745,403.31206889497116,0.3406546724664745,0.0,6108.68701171875,7060.0,0.0,0.0,2881,7.143351816605959,4551.168044708337,1835541,0.2562620876328189,0.0,0.0,150.17781738973494,3184.7999968528748,0.0,0.3371018207932745,21.206860322039574,0.3371018207932745,0.0,2372.65283203125,7060.0,0.0,0.0,384,18.107348007612508,12933.361932645645,274276,0.24380435066389813,0.0
33,0.3355619945990232,0.3355619945990232,True,val_loss,0.3355619945990232,33,97954,0.0,53.04884110617895,21312.510046958923,0.0,2881,0.3420853692680534,401.7526038750075,0.3420853692680534,0.0,6108.68701171875,7060.0,0.0,0.0,2881,7.1710798441926995,4568.834109090355,1835541,0.2664732811917544,0.0,0.0,144.83730542433815,3184.7999968528748,0.0,0.3355619945990232,21.988810048089363,0.3355619945990232,0.0,2372.65283203125,7060.0,0.0,0.0,384,17.463427950862048,12473.435324611039,274276,0.24920430486357267,0.0
34,0.33248299596986425,0.33248299596986425,True,val_loss,0.33248299596986425,34,100835,0.0,53.10242654313807,21312.51003265381,0.0,2881,0.34014682058992973,401.3471967300866,0.34014682058992973,0.0,6108.68701171875,7060.0,0.0,0.0,2881,7.178323465250278,4573.449160614009,1835541,0.2553263724767349,0.0,0.0,151.15877553541668,3184.7999968528748,0.0,0.33248299596986425,21.06923654000275,0.33248299596986425,0.0,2372.65283203125,7060.0,0.0,0.0,384,18.225624799974355,13017.842363640017,274276,0.24690075860295715,0.0
35,0.33225673085204716,0.33225673085204716,True,val_loss,0.33225673085204716,35,103716,0.0,52.9853443952238,21312.510036468506,0.0,2881,0.3379548504132052,402.2340569780208,0.3379548504132052,0.0,6108.68701171875,7060.0,0.0,0.0,2881,7.162496437136415,4563.365453911077,1835541,0.25800973840503305,0.0,0.0,145.27127322114154,3184.7999968528748,0.0,0.33225673085204716,21.923123038955964,0.33225673085204716,0.0,2372.65283203125,7060.0,0.0,0.0,384,17.51575262874988,12510.808770841151,274276,0.2378929245242034,0.0
35,0.33225673085204716,0.33225673085204716,False,val_loss,0.3346447203948628,36,106597,0.0,52.99864806020709,21312.510036230087,0.0,2881,0.3392905991573594,402.13308860291727,0.3392905991573594,0.0,6108.68701171875,7060.0,0.0,0.0,2881,7.164294810976915,4564.51123277868,1835541,0.25324271793203434,0.0,0.0,152.72066613276507,3184.7999968528748,0.0,0.3346447203948628,20.85375920298975,0.3346447203948628,0.0,2372.65283203125,7060.0,0.0,0.0,384,18.413946198484297,13152.352884206975,274276,0.23365880380758122,0.0
35,0.33225673085204716,0.33225673085204716,False,val_loss,0.3327615822054213,37,109478,0.0,52.78620404107536,21312.51001214981,0.0,2881,0.3375241178826871,403.75151802098844,0.3375241178826871,0.0,6108.68701171875,7060.0,0.0,0.0,2881,7.135576886797575,4546.2144860705685,1835541,0.24329068461004405,0.0,0.0,145.81211215079665,3184.7999968528748,0.0,0.3327615822054213,21.84180689707864,0.3327615822054213,0.0,2372.65283203125,7060.0,0.0,0.0,384,17.580963049872963,12557.385993403534,274276,0.31480428086797474,0.0
38,0.3301360726715454,0.3301360726715454,True,val_loss,0.3301360726715454,38,112359,0.0,52.99189106200679,21312.510055065155,0.0,2881,0.3362319551121233,402.1843649649527,0.3362319551121233,0.0,6108.68701171875,7060.0,0.0,0.0,2881,7.163381401589436,4563.9292819350485,1835541,0.24707967052378435,0.0,0.0,142.43281192390813,3184.7999968528748,0.0,0.3301360726715454,22.360016304068267,0.3301360726715454,0.0,2372.65283203125,7060.0,0.0,0.0,384,17.173511627991683,12266.359571039184,274276,0.24287961889785947,0.0
39,0.32943232068646466,0.32943232068646466,True,val_loss,0.32943232068646466,39,115240,0.0,53.07055039198846,21312.510051727295,0.0,2881,0.3338162173059307,401.5882611789275,0.3338162173059307,0.0,6108.68701171875,7060.0,0.0,0.0,2881,7.174014478267758,4570.703821400236,1835541,0.25520997413643237,0.0,0.0,142.3555919157432,3184.7999968528748,0.0,0.32943232068646466,22.37214537197724,0.32943232068646466,0.0,2372.65283203125,7060.0,0.0,0.0,384,17.16420100152703,12259.709359101113,274276,0.23934353760584295,0.0
40,0.3257107972846522,0.3257107972846522,True,val_loss,0.3257107972846522,40,118121,0.0,53.11895384648652,21312.510035037994,0.0,2881,0.33497356692153196,401.22232257493306,0.33497356692153196,0.0,6108.68701171875,7060.0,0.0,0.0,2881,7.180557605844423,4574.872574935535,1835541,0.23980741998641722,0.0,0.0,149.95417207842675,3184.7999968528748,0.0,0.3257107972846522,21.23848875099793,0.3257107972846522,0.0,2372.65283203125,7060.0,0.0,0.0,384,18.080382483991805,12914.10152650869,274276,0.24304658269951082,0.0
40,0.3257107972846522,0.3257107972846522,False,val_loss,0.32671378217734554,41,121002,0.0,52.917543912258026,21312.51003265381,0.0,2881,0.3381208674040685,402.7494183779927,0.3381208674040685,0.0,6108.68701171875,7060.0,0.0,0.0,2881,7.153331249000322,4557.526134717564,1835541,0.25852954195920963,0.0,0.0,146.86275833582098,3184.7999968528748,0.0,0.32671378217734554,21.685552095994353,0.32671378217734554,0.0,2372.65283203125,7060.0,0.0,0.0,384,17.707642318727526,12647.867980758621,274276,0.2386808987830591,0.0
40,0.3257107972846522,0.3257107972846522,False,val_loss,0.331072089727968,42,123883,0.0,52.93792520964942,21312.510048627853,0.0,2881,0.33000530171829073,402.5943586610956,0.33000530171829073,0.0,6108.68701171875,7060.0,0.0,0.0,2881,7.156086363408855,4559.281471564684,1835541,0.25014022641117967,0.0,0.0,148.88335675991132,3184.7999968528748,0.0,0.331072089727968,21.39124255499337,0.331072089727968,0.0,2372.65283203125,7060.0,0.0,0.0,384,17.95127136784126,12821.882566890703,274276,0.2305308660955537,0.0
40,0.3257107972846522,0.3257107972846522,False,val_loss,0.34086294389756705,43,126764,0.0,53.16926868365786,21312.51004219055,0.0,2881,0.33314888805108317,400.84264030400664,0.33314888805108317,0.0,6108.68701171875,7060.0,0.0,0.0,2881,7.187359103849319,4579.205941283819,1835541,0.2502595716135377,0.0,0.0,146.77920845793983,3184.7999968528748,0.0,0.34086294389756705,21.69789597799536,0.34086294389756705,0.0,2372.65283203125,7060.0,0.0,0.0,384,17.697568482650514,12640.672638404823,274276,0.29974797119454405,0.0
44,0.320445542546319,0.320445542546319,True,val_loss,0.320445542546319,44,129645,0.0,53.15825354359553,21312.510040283203,0.0,2881,0.33739364676304223,400.9257005180698,0.33739364676304223,0.0,6108.68701171875,7060.0,0.0,0.0,2881,7.185870090835329,4578.257262201309,1835541,0.27362292223726037,0.0,0.0,146.89762156180979,3184.7999968528748,0.0,0.320445542546319,21.680405461927876,0.320445542546319,0.0,2372.65283203125,7060.0,0.0,0.0,384,17.711845872731836,12650.870412993221,274276,0.2362056647252757,0.0
44,0.320445542546319,0.320445542546319,False,val_loss,0.34007543470943347,45,132526,0.0,53.10453812651823,21312.510055541992,0.0,2881,0.33219309789359736,401.33123848598916,0.33219309789359736,0.0,6108.68701171875,7060.0,0.0,0.0,2881,7.178608898894818,4573.63101592721,1835541,0.23696602733902108,0.0,0.0,148.3681629125165,3184.7999968528748,0.0,0.34007543470943347,21.46552154002711,0.34007543470943347,0.0,2372.65283203125,7060.0,0.0,0.0,384,17.889153044054805,12777.513907060355,274276,0.22219647954383012,0.0
44,0.320445542546319,0.320445542546319,False,val_loss,0.33115628638673417,46,135407,0.0,52.9282847609758,21312.51002883911,0.0,2881,0.33508813457452963,402.6676875150297,0.33508813457452963,0.0,6108.68701171875,7060.0,0.0,0.0,2881,7.154783185557857,4558.451191670272,1835541,0.23667835632706993,0.0,0.0,148.71623509597995,3184.7999968528748,0.0,0.33115628638673417,21.415281221969053,0.33115628638673417,0.0,2372.65283203125,7060.0,0.0,0.0,384,17.931121054159693,12807.48999544454,274276,0.23679753618610752,0.0
44,0.320445542546319,0.320445542546319,False,val_loss,0.33514854808648425,47,138288,0.0,52.97424959493128,21312.510020256042,0.0,2881,0.329854842190686,402.3182996120304,0.329854842190686,0.0,6108.68701171875,7060.0,0.0,0.0,2881,7.160996660550238,4562.409917147881,1835541,0.2465034464017948,0.0,0.0,147.9297401251894,3184.7999968528748,0.0,0.33514854808648425,21.529139401973225,0.33514854808648425,0.0,2372.65283203125,7060.0,0.0,0.0,384,17.83629121583954,12739.756795613557,274276,0.21952301906518792,0.0
44,0.320445542546319,0.320445542546319,False,val_loss,0.3215163399193746,48,141169,0.0,53.279954308526605,21312.510047912598,0.0,2881,0.33568057567928555,400.00991600891575,0.33568057567928555,0.0,6108.68701171875,7060.0,0.0,0.0,2881,7.202321454290613,4588.73874506423,1835541,0.2322955492731017,0.0,0.0,145.6624104298757,3184.7999968528748,0.0,0.3215163399193746,21.86425439105369,0.3215163399193746,0.0,2372.65283203125,7060.0,0.0,0.0,384,17.56291310611183,12544.493633051896,274276,0.23929697576871453,0.0
44,0.320445542546319,0.320445542546319,False,val_loss,0.32376586719571304,49,144050,0.0,52.778188366236016,21312.509999275208,0.0,2881,0.3288158502464313,403.81283744308166,0.3288158502464313,0.0,6108.68701171875,7060.0,0.0,0.0,2881,7.134493341624097,4545.524138416535,1835541,0.24609049728866933,0.0,0.0,146.22223223159864,3184.7999968528748,0.0,0.32376586719571304,21.780545599991456,0.32376586719571304,0.0,2372.65283203125,7060.0,0.0,0.0,384,17.630412343763815,12592.705666661885,274276,0.2300653381923136,0.0
44,0.320445542546319,0.320445542546319,False,val_loss,0.3241353839985095,50,146931,0.0,53.01411779797504,21312.5100440979,0.0,2881,0.3268840437414269,402.015744660981,0.3268840437414269,0.0,6108.68701171875,7060.0,0.0,0.0,2881,7.166385989259055,4565.843563037332,1835541,0.23686373365525104,0.0,0.0,144.30631543732366,3184.7999968528748,0.0,0.3241353839985095,22.069720144965686,0.3241353839985095,0.0,2372.65283203125,7060.0,0.0,0.0,384,17.3994050435476,12427.70629615641,274276,0.22436471792631588,0.0
51,0.31698769285867456,0.31698769285867456,True,val_loss,0.31698769285867456,51,149812,0.0,53.2032849189537,21312.510060310364,0.0,2881,0.3272398944746306,400.5863565149484,0.3272398944746306,0.0,6108.68701171875,7060.0,0.0,0.0,2881,7.19195737234873,4582.135587364929,1835541,0.23581084949492953,0.0,0.0,149.99991283505432,3184.7999968528748,0.0,0.31698769285867456,21.232012316933833,0.31698769285867456,0.0,2372.65283203125,7060.0,0.0,0.0,384,18.085897571458002,12918.040735180248,274276,0.2970501749696268,0.0
51,0.31698769285867456,0.31698769285867456,False,val_loss,0.3213282791354383,52,152693,0.0,53.207479115929864,21312.510052204132,0.0,2881,0.32930974226544524,400.5547792589059,0.32930974226544524,0.0,6108.68701171875,7060.0,0.0,0.0,2881,7.192524341690136,4582.496814533237,1835541,0.24420638723073915,0.0,0.0,145.93764080642973,3184.7999968528748,0.0,0.3213282791354383,21.823019607923925,0.3213282791354383,0.0,2372.65283203125,7060.0,0.0,0.0,384,17.596098381388515,12568.196561598219,274276,0.22667267784102782,0.0
51,0.31698769285867456,0.31698769285867456,False,val_loss,0.32060750695624546,53,155574,0.0,52.937978966859504,21312.510050296783,0.0,2881,0.32892157566158736,402.5939498679945,0.32892157566158736,0.0,6108.68701171875,7060.0,0.0,0.0,2881,7.156093629684807,4559.28610105008,1835541,0.2337186453162173,0.0,0.0,148.97222323782336,3184.7999968528748,0.0,0.32060750695624546,21.37848202593159,0.32060750695624546,0.0,2372.65283203125,7060.0,0.0,0.0,384,17.961986240848024,12829.535776549043,274276,0.23149993834158522,0.0
51,0.31698769285867456,0.31698769285867456,False,val_loss,0.31917592013875645,54,158455,0.0,53.02569397265351,21312.51004934311,0.0,2881,0.3305517923143776,401.9279796759365,0.3305517923143776,0.0,6108.68701171875,7060.0,0.0,0.0,2881,7.167950841150375,4566.84056054009,1835541,0.25075187040938995,0.0,0.0,143.51189380580212,3184.7999968528748,0.0,0.31917592013875645,22.19188885600306,0.31917592013875645,0.0,2372.65283203125,7060.0,0.0,0.0,384,17.303619466178308,12359.290449753962,274276,0.22989689455304566,0.0
55,0.31180520622971625,0.31180520622971625,True,val_loss,0.31180520622971625,55,161336,0.0,53.15183222369938,21312.51003885269,0.0,2881,0.32726186815255215,400.97413667989895,0.32726186815255215,0.0,6108.68701171875,7060.0,0.0,0.0,2881,7.185002064858678,4577.704226009289,1835541,0.2442781588999139,0.0,0.0,147.5679689634423,3184.7999968528748,0.0,0.31180520622971625,21.58191929606255,0.31180520622971625,0.0,2372.65283203125,7060.0,0.0,0.0,384,17.79267148265436,12708.60094681382,274276,0.23533509270540284,0.0
55,0.31180520622971625,0.31180520622971625,False,val_loss,0.3127853532399361,56,164217,0.0,53.01770267175714,21312.510045051575,0.0,2881,0.32319338212089715,401.9885617640102,0.32319338212089715,0.0,6108.68701171875,7060.0,0.0,0.0,2881,7.166870587952968,4566.152310267886,1835541,0.24545573421095454,0.0,0.0,145.38128982628166,3184.7999968528748,0.0,0.3127853532399361,21.9065328190336,0.3127853532399361,0.0,2372.65283203125,7060.0,0.0,0.0,384,17.529017630136327,12520.283436258518,274276,0.23962439221456103,0.0
55,0.31180520622971625,0.31180520622971625,False,val_loss,0.3206060000617678,57,167098,0.0,52.992769389130814,21312.51003551483,0.0,2881,0.3302818588186437,402.1776986028999,0.3302818588186437,0.0,6108.68701171875,7060.0,0.0,0.0,2881,7.163500139386462,4564.004932089401,1835541,0.23946611342207502,0.0,0.0,146.1100395915081,3184.7999968528748,0.0,0.3206060000617678,21.79727009695489,0.3206060000617678,0.0,2372.65283203125,7060.0,0.0,0.0,384,17.616884971923405,12583.043600414749,274276,0.2923005251698972,0.0
55,0.31180520622971625,0.31180520622971625,False,val_loss,0.3138734739756425,58,169979,0.0,53.002362030699345,21312.510073184967,0.0,2881,0.3252427064064025,402.1049111139728,0.3252427064064025,0.0,6108.68701171875,7060.0,0.0,0.0,2881,7.164796848709486,4564.831090759131,1835541,0.24153798368007218,0.0,0.0,145.35954561975558,3184.7999968528748,0.0,0.3138734739756425,21.909809798002243,0.3138734739756425,0.0,2372.65283203125,7060.0,0.0,0.0,384,17.52639587199947,12518.410818199287,274276,0.2973002599113291,0.0
59,0.3103899677710918,0.3103899677710918,True,val_loss,0.3103899677710918,59,172860,0.0,52.935935894604924,21312.51004219055,0.0,2881,0.3257315075632698,402.60948790295515,0.3257315075632698,0.0,6108.68701171875,7060.0,0.0,0.0,2881,7.155817452306129,4559.110143083459,1835541,0.23183514064640784,0.0,0.0,147.91037795882107,3184.7999968528748,0.0,0.3103899677710918,21.531957667903043,0.3103899677710918,0.0,2372.65283203125,7060.0,0.0,0.0,384,17.83395666676494,12738.089319618806,274276,0.23419556677617948,0.0
59,0.3103899677710918,0.3103899677710918,False,val_loss,0.32980906991967157,60,175741,0.0,52.82844942315568,21312.5100274086,0.0,2881,0.3232100442656714,403.4286499059526,0.3232100442656714,0.0,6108.68701171875,7060.0,0.0,0.0,2881,7.141287562674638,4549.852868476004,1835541,0.2319625730318215,0.0,0.0,146.93114828410657,3184.7999968528748,0.0,0.32980906991967157,21.675458431011066,0.32980906991967157,0.0,2372.65283203125,7060.0,0.0,0.0,384,17.71588828084999,12653.757745100029,274276,0.2748776139803037,0.0
61,0.3009190821564213,0.3009190821564213,True,val_loss,0.3009190821564213,61,178622,0.0,53.164090513621204,21312.510009288788,0.0,2881,0.3205030104245619,400.88168166496325,0.3205030104245619,0.0,6108.68701171875,7060.0,0.0,0.0,2881,7.186659136018579,4578.7599781973895,1835541,0.23304452725690336,0.0,0.0,149.63692503709564,3184.7999968528748,0.0,0.3009190821564213,21.28351672599092,0.3009190821564213,0.0,2372.65283203125,7060.0,0.0,0.0,384,18.04213114513488,12886.780109278685,274276,0.2390646491330699,0.0
61,0.3009190821564213,0.3009190821564213,False,val_loss,0.304275047131038,62,181503,0.0,53.023011156051126,21312.510023593903,0.0,2881,0.31983204811001026,401.9483156260103,0.31983204811001026,0.0,6108.68701171875,7060.0,0.0,0.0,2881,7.167588189822405,4566.6095083425225,1835541,0.25610260467159124,0.0,0.0,143.32510300312038,3184.7999968528748,0.0,0.304275047131038,22.220810800907202,0.304275047131038,0.0,2372.65283203125,7060.0,0.0,0.0,384,17.281097590926905,12343.20396575278,274276,0.24113479401300233,0.0
61,0.3009190821564213,0.3009190821564213,False,val_loss,0.32791354622168,63,184384,0.0,53.15556156813604,21312.51005268097,0.0,2881,0.3236727113041901,400.9460049699992,0.3236727113041901,0.0,6108.68701171875,7060.0,0.0,0.0,2881,7.185506188584099,4578.02541301626,1835541,0.2367514143857933,0.0,0.0,147.1806387098863,3184.7999968528748,0.0,0.32791354622168,21.638715695007704,0.32791354622168,0.0,2372.65283203125,7060.0,0.0,0.0,384,17.74597002023522,12675.243940807382,274276,0.22319684700414655,0.0
61,0.3009190821564213,0.3009190821564213,False,val_loss,0.329515404907094,64,187265,0.0,53.06971283562621,21312.5100440979,0.0,2881,0.32044204795107256,401.59459897794295,0.32044204795107256,0.0,6108.68701171875,7060.0,0.0,0.0,2881,7.173901260953549,4570.6316884525995,1835541,0.23425779485407827,0.0,0.0,149.11380423694467,3184.7999968528748,0.0,0.329515404907094,21.358183523989283,0.329515404907094,0.0,2372.65283203125,7060.0,0.0,0.0,384,17.979057047089015,12841.728777727569,274276,0.20768040333738705,0.0
61,0.3009190821564213,0.3009190821564213,False,val_loss,0.3168872573878616,65,190146,0.0,52.93370202363624,21312.510026931763,0.0,2881,0.3240474283340277,402.6264782579383,0.3240474283340277,0.0,6108.68701171875,7060.0,0.0,0.0,2881,7.15551548538325,4558.917754097833,1835541,0.2366103272573458,0.0,0.0,147.53136571535407,3184.7999968528748,0.0,0.3168872573878616,21.58727387501858,0.3168872573878616,0.0,2372.65283203125,7060.0,0.0,0.0,384,17.78825812945172,12705.448663316405,274276,0.2891771737304225,0.0
61,0.3009190821564213,0.3009190821564213,False,val_loss,0.3227613351967496,66,193027,0.0,53.01232044579081,21312.510061264038,0.0,2881,0.32178301247145824,402.0293750970159,0.32178301247145824,0.0,6108.68701171875,7060.0,0.0,0.0,2881,7.166143019536247,4565.688762312594,1835541,0.2362678761096818,0.0,0.0,146.01472159520418,3184.7999968528748,0.0,0.3227613351967496,21.81149929307867,0.3227613351967496,0.0,2372.65283203125,7060.0,0.0,0.0,384,17.60539222179251,12574.83478391761,274276,0.21374634995421124,0.0
61,0.3009190821564213,0.3009190821564213,False,val_loss,0.3250163433452447,67,195908,0.0,53.00112261308205,21312.510047912598,0.0,2881,0.3241048341297604,402.11431375704706,0.3241048341297604,0.0,6108.68701171875,7060.0,0.0,0.0,2881,7.164629314192152,4564.724351267469,1835541,0.2245452875553972,0.0,0.0,146.56522427837265,3184.7999968528748,0.0,0.3250163433452447,21.72957475099247,0.3250163433452447,0.0,2372.65283203125,7060.0,0.0,0.0,384,17.671767827967333,12622.244252040542,274276,0.21395321131543218,0.0
61,0.3009190821564213,0.3009190821564213,False,val_loss,0.3200227755636054,68,198789,0.0,53.03667565298694,21312.51003551483,0.0,2881,0.3224404100739229,401.844756918028,0.3224404100739229,0.0,6108.68701171875,7060.0,0.0,0.0,2881,7.169435336411999,4567.786361274911,1835541,0.2293295795498794,0.0,0.0,147.00677778212832,3184.7999968528748,0.0,0.3200227755636054,21.66430721699726,0.3200227755636054,0.0,2372.65283203125,7060.0,0.0,0.0,384,17.72500713517963,12660.270981793044,274276,0.22028491265882622,0.0
61,0.3009190821564213,0.3009190821564213,False,val_loss,0.30933051713994547,69,201670,0.0,53.15399374020233,21312.51002407074,0.0,2881,0.3186671014626907,400.95783071802,0.3186671014626907,0.0,6108.68701171875,7060.0,0.0,0.0,2881,7.1852942610967725,4577.890389902059,1835541,0.22659841668428396,0.0,0.0,148.21529738951355,3184.7999968528748,0.0,0.30933051713994547,21.487660538055934,0.30933051713994547,0.0,2372.65283203125,7060.0,0.0,0.0,384,17.87072163206939,12764.349079055897,274276,0.2274848213940762,0.0
61,0.3009190821564213,0.3009190821564213,False,val_loss,0.3209751425674767,70,204551,0.0,53.18884898247841,21312.51006436348,0.0,2881,0.32041767143205724,400.6950793649303,0.32041767143205724,0.0,6108.68701171875,7060.0,0.0,0.0,2881,7.190005938096757,4580.892290739347,1835541,0.23534340875421117,0.0,0.0,146.36631985325488,3184.7999968528748,0.0,0.3209751425674767,21.75910414394457,0.3209751425674767,0.0,2372.65283203125,7060.0,0.0,0.0,384,17.647785380303212,12605.11453897928,274276,0.22196064769498966,0.0
61,0.3009190821564213,0.3009190821564213,False,val_loss,0.3130063189698073,71,207432,0.0,52.94335890645504,21312.51005077362,0.0,2881,0.3187183551490307,402.55303953099065,0.3187183551490307,0.0,6108.68701171875,7060.0,0.0,0.0,2881,7.156820883421017,4559.749448516312,1835541,0.22508614318166026,0.0,0.0,145.6757170966609,3184.7999968528748,0.0,0.3130063189698073,21.862257212982513,0.3130063189698073,0.0,2372.65283203125,7060.0,0.0,0.0,384,17.564517527127457,12545.639607475026,274276,0.21766511008293796,0.0
61,0.3009190821564213,0.3009190821564213,False,val_loss,0.32232981775693287,72,210313,0.0,53.11308873666996,21312.5100274086,0.0,2881,0.3239673502738072,401.2666281389538,0.3239673502738072,0.0,6108.68701171875,7060.0,0.0,0.0,2881,7.1797647697788225,4574.367443694755,1835541,0.23434612442180386,0.0,0.0,148.79286587558946,3184.7999968528748,0.0,0.32232981775693287,21.40425199898891,0.32232981775693287,0.0,2372.65283203125,7060.0,0.0,0.0,384,17.9403606357344,12814.089462829917,274276,0.20736136779548056,0.0
61,0.3009190821564213,0.3009190821564213,False,val_loss,0.3133214263689297,73,213194,0.0,53.09321481865282,21312.510051250458,0.0,2881,0.315733941920368,401.4168312099064,0.315733941920368,0.0,6108.68701171875,7060.0,0.0,0.0,2881,7.177078228923305,4572.655796388793,1835541,0.24628979345319385,0.0,0.0,145.45926211550045,3184.7999968528748,0.0,0.3133214263689297,21.89478999504354,0.3133214263689297,0.0,2372.65283203125,7060.0,0.0,0.0,384,17.538418961174255,12526.998434882891,274276,0.21467103581017,0.0
61,0.3009190821564213,0.3009190821564213,False,val_loss,0.30943461922045873,74,216075,0.0,52.98785256889332,21312.510054588318,0.0,2881,0.3201111194880337,402.2150176189607,0.3201111194880337,0.0,6108.68701171875,7060.0,0.0,0.0,2881,7.162835483008548,4563.581466614714,1835541,0.24097207837428733,0.0,0.0,146.65795756148938,3184.7999968528748,0.0,0.30943461922045873,21.71583492506761,0.30943461922045873,0.0,2372.65283203125,7060.0,0.0,0.0,384,17.68294893219743,12630.230472206726,274276,0.21772988617643327,0.0
61,0.3009190821564213,0.3009190821564213,False,val_loss,0.3146426543438186,75,218956,0.0,52.855736032330285,21312.510041713715,0.0,2881,0.31825840735083255,403.2203813920496,0.31825840735083255,0.0,6108.68701171875,7060.0,0.0,0.0,2881,7.144976129564282,4552.202926010605,1835541,0.23331971806388366,0.0,0.0,145.6664947943534,3184.7999968528748,0.0,0.3146426543438186,21.863641335978173,0.3146426543438186,0.0,2372.65283203125,7060.0,0.0,0.0,384,17.56340556904859,12544.8453798343,274276,0.21427872005976192,0.0
61,0.3009190821564213,0.3009190821564213,False,val_loss,0.3151756441739053,76,221837,0.0,53.033692849781566,21312.510043621063,0.0,2881,0.3198792215611906,401.8673582469346,0.3198792215611906,0.0,6108.68701171875,7060.0,0.0,0.0,2881,7.169032121861756,4567.5294654613845,1835541,0.2331118322755328,0.0,0.0,147.77087845375073,3184.7999968528748,0.0,0.3151756441739053,21.552284389035776,0.3151756441739053,0.0,2372.65283203125,7060.0,0.0,0.0,384,17.817136831924465,12726.075577377382,274276,0.21740164839138743,0.0
61,0.3009190821564213,0.3009190821564213,False,val_loss,0.315744227283479,77,224718,0.0,53.212477370520055,21312.51003885269,0.0,2881,0.3143715833167325,400.51715484797023,0.3143715833167325,0.0,6108.68701171875,7060.0,0.0,0.0,2881,7.19320000436331,4582.927292332189,1835541,0.22823929406055343,0.0,0.0,146.33311312205467,3184.7999968528748,0.0,0.315744227283479,21.764041841961443,0.315744227283479,0.0,2372.65283203125,7060.0,0.0,0.0,384,17.64378155438212,12602.254764608622,274276,0.21868353773728208,0.0
61,0.3009190821564213,0.3009190821564213,False,val_loss,0.31757953505317954,78,227599,0.0,52.94236732659752,21312.5100440979,0.0,2881,0.3191253751337254,402.56057899002917,0.3191253751337254,0.0,6108.68701171875,7060.0,0.0,0.0,2881,7.156686845065766,4559.664050079438,1835541,0.2333702513149945,0.0,0.0,146.70277781034147,3184.7999968528748,0.0,0.31757953505317954,21.70920035999734,0.31757953505317954,0.0,2372.65283203125,7060.0,0.0,0.0,384,17.68835303153686,12634.090406452613,274276,0.21264111278408868,0.0
61,0.3009190821564213,0.3009190821564213,False,val_loss,0.31179483463832486,79,230480,0.0,53.12657343868477,21312.51005935669,0.0,2881,0.316087761410266,401.1647783750668,0.316087761410266,0.0,6108.68701171875,7060.0,0.0,0.0,2881,7.181587605147191,4575.52880747639,1835541,0.22685774114498197,0.0,0.0,147.10444676910348,3184.7999968528748,0.0,0.31179483463832486,21.64992334903218,0.31179483463832486,0.0,2372.65283203125,7060.0,0.0,0.0,384,17.736783350651727,12668.682266362897,274276,0.21036951867548245,0.0
61,0.3009190821564213,0.3009190821564213,False,val_loss,0.32669030314233777,80,233361,0.0,53.01463386955514,21312.51003885269,0.0,2881,0.3128329493139031,402.0118311350234,0.3128329493139031,0.0,6108.68701171875,7060.0,0.0,0.0,2881,7.166455752971014,4565.888010851846,1835541,0.2269288769025124,0.0,0.0,147.9282846944998,3184.7999968528748,0.0,0.32669030314233777,21.529351221979596,0.32669030314233777,0.0,2372.65283203125,7060.0,0.0,0.0,384,17.836115730601737,12739.631453454485,274276,0.20558665047792601,0.0
61,0.3009190821564213,0.3009190821564213,False,val_loss,0.31932650002030033,81,236242,0.0,53.19452553723216,21312.510038375854,0.0,2881,0.31328335628264214,400.652319447021,0.31328335628264214,0.0,6108.68701171875,7060.0,0.0,0.0,2881,7.190773296848366,4581.381189889048,1835541,0.23337461693417338,0.0,0.0,148.40307900335378,3184.7999968528748,0.0,0.31932650002030033,21.460471158963628,0.31932650002030033,0.0,2372.65283203125,7060.0,0.0,0.0,384,17.893362972117718,12780.520892032706,274276,0.27326417096264777,0.0
61,0.3009190821564213,0.3009190821564213,False,val_loss,0.30146881348143023,82,239123,0.0,53.15794769869291,21312.510024547577,0.0,2881,0.3175208504259695,400.92800695297774,0.3175208504259695,0.0,6108.68701171875,7060.0,0.0,0.0,2881,7.185828752387193,4578.230924673912,1835541,0.2388347163059384,0.0,0.0,147.11141056583315,3184.7999968528748,0.0,0.30146881348143023,21.6488985089818,0.30146881348143023,0.0,2372.65283203125,7060.0,0.0,0.0,384,17.737622994568717,12669.281990776899,274276,0.21894370222920165,0.0
61,0.3009190821564213,0.3009190821564213,False,val_loss,0.3069404842390213,83,242004,0.0,53.209962306852894,21312.51002550125,0.0,2881,0.3121290275576844,400.53608575393446,0.3121290275576844,0.0,6108.68701171875,7060.0,0.0,0.0,2881,7.192860025525678,4582.710685218129,1835541,0.2326671352027471,0.0,0.0,147.7016341524843,3184.7999968528748,0.0,0.3069404842390213,21.562388358986937,0.3069404842390213,0.0,2372.65283203125,7060.0,0.0,0.0,384,17.808787858138803,12720.112235882494,274276,0.22200758356848382,0.0
61,0.3009190821564213,0.3009190821564213,False,val_loss,0.3143738914999024,84,244885,0.0,53.00125916209577,21312.510006427765,0.0,2881,0.3150993169562394,402.1132769930409,0.3150993169562394,0.0,6108.68701171875,7060.0,0.0,0.0,2881,7.1646477866729565,4564.73612044341,1835541,0.24916408856243222,0.0,0.0,145.36013072098345,3184.7999968528748,0.0,0.3143738914999024,21.909721606993116,0.3143738914999024,0.0,2372.65283203125,7060.0,0.0,0.0,384,17.526466419246304,12518.461207305205,274276,0.2762959746384392,0.0
61,0.3009190821564213,0.3009190821564213,False,val_loss,0.31483882807272795,85,247766,0.0,53.110391215325464,21312.510023117065,0.0,2881,0.3161381654124882,401.28700872696936,0.3161381654124882,0.0,6108.68701171875,7060.0,0.0,0.0,2881,7.179400123466734,4574.135120454096,1835541,0.21700937536385728,0.0,0.0,144.97846071698393,3184.7999968528748,0.0,0.31483882807272795,21.967401096015237,0.31483882807272795,0.0,2372.65283203125,7060.0,0.0,0.0,384,17.48044742851513,12485.59166381098,274276,0.20675922835046853,0.0
61,0.3009190821564213,0.3009190821564213,False,val_loss,0.30278624403096427,86,250647,0.0,53.13782882500579,21312.510048866272,0.0,2881,0.31687417038089566,401.0798054819461,0.31687417038089566,0.0,6108.68701171875,7060.0,0.0,0.0,2881,7.183109098544936,4576.4981804416075,1835541,0.24446081129429328,0.0,0.0,148.48339309705204,3184.7999968528748,0.0,0.30278624403096427,21.448863273020834,0.30278624403096427,0.0,2372.65283203125,7060.0,0.0,0.0,384,17.903046660892713,12787.437567612005,274276,0.21867765981975631,0.0
61,0.3009190821564213,0.3009190821564213,False,val_loss,0.30699594619424414,87,253528,0.0,53.15133844128822,21312.51002931595,0.0,2881,0.31460726635494385,400.97786159906536,0.31460726635494385,0.0,6108.68701171875,7060.0,0.0,0.0,2881,7.184935319149089,4577.661701022645,1835541,0.23169814413998513,0.0,0.0,144.02671272302095,3184.7999968528748,0.0,0.30699594619424414,22.112564653041773,0.30699594619424414,0.0,2372.65283203125,7060.0,0.0,0.0,384,17.36569258361343,12403.626820476971,274276,0.28083754340938566,0.0
61,0.3009190821564213,0.3009190821564213,False,val_loss,0.3125688045183779,88,256409,0.0,53.143298826473654,21312.510056972504,0.0,2881,0.316443164937385,401.03852277901024,0.316443164937385,0.0,6108.68701171875,7060.0,0.0,0.0,2881,7.183848524166734,4576.969282852319,1835541,0.21791657442854137,0.0,0.0,144.4746072104743,3184.7999968528748,0.0,0.3125688045183779,22.044012150960043,0.3125688045183779,0.0,2372.65283203125,7060.0,0.0,0.0,384,17.419696440481065,12442.199637784855,274276,0.27713591035474866,0.0
61,0.3009190821564213,0.3009190821564213,False,val_loss,0.3105502645291078,89,259290,0.0,53.29761312231823,21312.510071754456,0.0,2881,0.3149031477780539,399.8773833049927,0.3149031477780539,0.0,6108.68701171875,7060.0,0.0,0.0,2881,7.204708543875352,4590.25960615533,1835541,0.23713525122093637,0.0,0.0,146.64517283651307,3184.7999968528748,0.0,0.3105502645291078,21.71772814099677,0.3105502645291078,0.0,2372.65283203125,7060.0,0.0,0.0,384,17.681407443125664,12629.129447580039,274276,0.21027302168416404,0.0
61,0.3009190821564213,0.3009190821564213,False,val_loss,0.3090156816372958,90,262171,0.0,52.975959046244945,21312.510035037994,0.0,2881,0.3132363417325978,402.3053177089896,0.3132363417325978,0.0,6108.68701171875,7060.0,0.0,0.0,2881,7.161227737198323,4562.557140563952,1835541,0.23220614790050095,0.0,0.0,148.36077172576267,3184.7999968528748,0.0,0.3090156816372958,21.466590931057,0.3090156816372958,0.0,2372.65283203125,7060.0,0.0,0.0,384,17.88826186855987,12776.877375680016,274276,0.2150100183110529,0.0
61,0.3009190821564213,0.3009190821564213,False,val_loss,0.3076685706085603,91,265052,0.0,53.002995895063336,21312.510031223297,0.0,2881,0.31231310202862,402.1001015380025,0.31231310202862,0.0,6108.68701171875,7060.0,0.0,0.0,2881,7.164882547854111,4564.885691346992,1835541,0.23057616403435008,0.0,0.0,146.48865539718474,3184.7999968528748,0.0,0.3076685706085603,21.740932690096088,0.3076685706085603,0.0,2372.65283203125,7060.0,0.0,0.0,384,17.662535709653717,12615.650115367143,274276,0.21461987546596598,0.0
61,0.3009190821564213,0.3009190821564213,False,val_loss,0.307068432312614,92,267933,0.0,53.080220809581185,21312.510051727295,0.0,2881,0.31409104144816824,401.51509783999063,0.31409104144816824,0.0,6108.68701171875,7060.0,0.0,0.0,2881,7.175321713924986,4571.536686601729,1835541,0.22522473353207245,0.0,0.0,148.81078953669152,3184.7999968528748,0.0,0.307068432312614,21.401673942920752,0.307068432312614,0.0,2372.65283203125,7060.0,0.0,0.0,384,17.94252174031553,12815.633054288497,274276,0.21651014756207587,0.0
61,0.3009190821564213,0.3009190821564213,False,val_loss,0.3016012181930516,93,270814,0.0,53.038977192251835,21312.51003932953,0.0,2881,0.3097438894474736,401.8273195970105,0.3097438894474736,0.0,6108.68701171875,7060.0,0.0,0.0,2881,7.169746454495261,4567.984580642376,1835541,0.22360708658896705,0.0,0.0,147.91857383927905,3184.7999968528748,0.0,0.3016012181930516,21.53076462401077,0.3016012181930516,0.0,2372.65283203125,7060.0,0.0,0.0,384,17.834944866368993,12738.795151479744,274276,0.224139391984257,0.0
94,0.2956663884591156,0.2956663884591156,True,val_loss,0.2956663884591156,94,273695,0.0,53.00040083148835,21312.510015964508,0.0,2881,0.31423949793851375,402.11978931492195,0.31423949793851375,0.0,6108.68701171875,7060.0,0.0,0.0,2881,7.164531755346494,4564.6621946339665,1835541,0.21825519945690358,0.0,0.0,146.49307518838552,3184.7999968528748,0.0,0.2956663884591156,21.74027675203979,0.2956663884591156,0.0,2372.65283203125,7060.0,0.0,0.0,384,17.66306861590302,12616.030749206813,274276,0.29370154668019194,0.0
94,0.2956663884591156,0.2956663884591156,False,val_loss,0.3100936754684274,95,276576,0.0,53.21931966867196,21312.510033607483,0.0,2881,0.31584357801376767,400.4656610849779,0.31584357801376767,0.0,6108.68701171875,7060.0,0.0,0.0,2881,7.194124939937505,4583.516586733019,1835541,0.22637269344195046,0.0,0.0,147.77508755386327,3184.7999968528748,0.0,0.3100936754684274,21.551670512068085,0.3100936754684274,0.0,2372.65283203125,7060.0,0.0,0.0,384,17.817644334576066,12726.438066432775,274276,0.20786894317522334,0.0
94,0.2956663884591156,0.2956663884591156,False,val_loss,0.3234232775478934,96,279457,0.0,53.11941230361199,21312.510012626648,0.0,2881,0.3152300147868238,401.21885932795703,0.3152300147868238,0.0,6108.68701171875,7060.0,0.0,0.0,2881,7.180619587089413,4574.912064389339,1835541,0.22603773585553336,0.0,0.0,148.52666438559066,3184.7999968528748,0.0,0.3234232775478934,21.442614429048263,0.3234232775478934,0.0,2372.65283203125,7060.0,0.0,0.0,384,17.908263997873135,12791.16410489753,274276,0.2017384000622163,0.0
94,0.2956663884591156,0.2956663884591156,False,val_loss,0.2980584917337789,97,282338,0.0,52.99651041122744,21312.510047912598,0.0,2881,0.3125187115663264,402.1493091250304,0.3125187115663264,0.0,6108.68701171875,7060.0,0.0,0.0,2881,7.164005842179083,4564.327125150724,1835541,0.21580607138547617,0.0,0.0,145.77585831917415,3184.7999968528748,0.0,0.2980584917337789,21.847238860907964,0.2980584917337789,0.0,2372.65283203125,7060.0,0.0,0.0,384,17.576591826764194,12554.26380176452,274276,0.2209031352722377,0.0
94,0.2956663884591156,0.2956663884591156,False,val_loss,0.31640832650494605,98,285219,0.0,53.10537597036922,21312.5100440979,0.0,2881,0.3141861675735156,401.3249064650154,0.3141861675735156,0.0,6108.68701171875,7060.0,0.0,0.0,2881,7.178722161494218,4573.70317772692,1835541,0.24041920999215036,0.0,0.0,148.54290763627495,3184.7999968528748,0.0,0.31640832650494605,21.440269667073153,0.31640832650494605,0.0,2372.65283203125,7060.0,0.0,0.0,384,17.91022249079857,12792.562978870492,274276,0.21461024510669327,0.0
94,0.2956663884591156,0.2956663884591156,False,val_loss,0.30669765375205316,99,288100,0.0,53.190174427626935,21312.510048866272,0.0,2881,0.3119896784313579,400.68509415898006,0.3119896784313579,0.0,6108.68701171875,7060.0,0.0,0.0,2881,7.190185115438569,4581.006448100391,1835541,0.21669681621611983,0.0,0.0,145.76075342134183,3184.7999968528748,0.0,0.30669765375205316,21.84950284694787,0.30669765375205316,0.0,2372.65283203125,7060.0,0.0,0.0,384,17.574770588139057,12552.96296310528,274276,0.2143312830448849,0.0
94,0.2956663884591156,0.2956663884591156,False,val_loss,0.29604484560938243,100,290981,0.0,53.04055596670202,21312.510038375854,0.0,2881,0.3125602507353455,401.8153590199072,0.3125602507353455,0.0,6108.68701171875,7060.0,0.0,0.0,2881,7.1699598716864035,4568.120552875784,1835541,0.21578453990693194,0.0,0.0,149.49098538427566,3184.7999968528748,0.0,0.29604484560938243,21.30429462797474,0.29604484560938243,0.0,2372.65283203125,7060.0,0.0,0.0,384,18.024534804159547,12874.211739441833,274276,0.2251582353237609,0.0
94,0.2956663884591156,0.2956663884591156,False,val_loss,0.2993859496976559,101,293862,0.0,52.88180962033177,21312.510058879852,0.0,2881,0.31087269176073123,403.0215722928988,0.31087269176073123,0.0,6108.68701171875,7060.0,0.0,0.0,2881,7.148500720716291,4554.448511421139,1835541,0.21499101658141923,0.0,0.0,147.5353546690467,3184.7999968528748,0.0,0.2993859496976559,21.586690213996917,0.2993859496976559,0.0,2372.65283203125,7060.0,0.0,0.0,384,17.788739088450555,12705.792193291312,274276,0.21642255450691059,0.0
94,0.2956663884591156,0.2956663884591156,False,val_loss,0.3076430140912028,102,296743,0.0,53.04855755215375,21312.51002931595,0.0,2881,0.3130200924780136,401.7547509819269,0.3130200924780136,0.0,6108.68701171875,7060.0,0.0,0.0,2881,7.171041519629976,4568.809691767833,1835541,0.24140960525485974,0.0,0.0,147.81048349395726,3184.7999968528748,0.0,0.3076430140912028,21.54650956799742,0.3076430140912028,0.0,2372.65283203125,7060.0,0.0,0.0,384,17.821912119369312,12729.48637617744,274276,0.20890053557620072,0.0
94,0.2956663884591156,0.2956663884591156,False,val_loss,0.3156423739128513,103,299624,0.0,53.079294301639145,21312.51002407074,0.0,2881,0.3142382620417774,401.5221058320021,0.3142382620417774,0.0,6108.68701171875,7060.0,0.0,0.0,2881,7.175196478983944,4571.45689699086,1835541,0.22990036670474806,0.0,0.0,145.1187683836639,3184.7999968528748,0.0,0.3156423739128513,21.946161977015436,0.3156423739128513,0.0,2372.65283203125,7060.0,0.0,0.0,384,17.497364705599516,12497.675005190138,274276,0.19508968299608873,0.0
94,0.2956663884591156,0.2956663884591156,False,val_loss,0.30535546961861354,104,302505,0.0,52.978656431198914,21312.510027885437,0.0,2881,0.3099799099139396,402.28483437595423,0.3099799099139396,0.0,6108.68701171875,7060.0,0.0,0.0,2881,7.161592368922287,4562.789454510234,1835541,0.24385150544686746,0.0,0.0,144.5915101693334,3184.7999968528748,0.0,0.30535546961861354,22.02618945692666,0.30535546961861354,0.0,2372.65283203125,7060.0,0.0,0.0,384,17.433791748270014,12452.267358199237,274276,0.20590119533759813,0.0
94,0.2956663884591156,0.2956663884591156,False,val_loss,0.3026785601638646,105,305386,0.0,52.986325941901214,21312.510026454926,0.0,2881,0.31096905061693236,402.226605592994,0.31096905061693236,0.0,6108.68701171875,7060.0,0.0,0.0,2881,7.162629124825306,4563.4499918122065,1835541,0.21561974952212692,0.0,0.0,144.64392317624294,3184.7999968528748,0.0,0.3026785601638646,22.01820807205513,0.3026785601638646,0.0,2372.65283203125,7060.0,0.0,0.0,384,17.440111327104844,12456.781183210958,274276,0.21400320178751522,0.0
106,0.29353269784284447,0.29353269784284447,True,val_loss,0.29353269784284447,106,308267,0.0,52.91277613886542,21312.5100107193,0.0,2881,0.3082183479185642,402.78570821508765,0.3082183479185642,0.0,6108.68701171875,7060.0,0.0,0.0,2881,7.152686754371,4557.115514684103,1835541,0.21571178141404662,0.0,0.0,147.57990845701073,3184.7999968528748,0.0,0.29353269784284447,21.580173277994618,0.29353269784284447,0.0,2372.65283203125,7060.0,0.0,0.0,384,17.79411105987579,12709.629179839823,274276,0.2201990917577253,0.0
106,0.29353269784284447,0.29353269784284447,False,val_loss,0.3124740210939005,107,311148,0.0,53.36965963381896,21312.510037899017,0.0,2881,0.3101043428754365,399.3375671519898,0.3101043428754365,0.0,6108.68701171875,7060.0,0.0,0.0,2881,7.214447717871426,4596.464622877277,1835541,0.2167554850308939,0.0,0.0,147.11779453209857,3184.7999968528748,0.0,0.3124740210939005,21.647959085996263,0.3124740210939005,0.0,2372.65283203125,7060.0,0.0,0.0,384,17.738392726749183,12669.83178000484,274276,0.19535539060719506,0.0
106,0.29353269784284447,0.29353269784284447,False,val_loss,0.29800202328624437,108,314029,0.0,52.99798383270658,21312.510043621063,0.0,2881,0.3090869480318428,402.1381287049735,0.3090869480318428,0.0,6108.68701171875,7060.0,0.0,0.0,2881,7.164205019001395,4564.454024568844,1835541,0.23919498546230672,0.0,0.0,148.73774013050968,3184.7999968528748,0.0,0.29800202328624437,21.412184924003668,0.29800202328624437,0.0,2372.65283203125,7060.0,0.0,0.0,384,17.933713974678273,12809.342015934526,274276,0.27816749455814715,0.0
106,0.29353269784284447,0.29353269784284447,False,val_loss,0.3077591187660194,109,316910,0.0,53.0286228171999,21312.510045528412,0.0,2881,0.31092716172133555,401.90578056301456,0.31092716172133555,0.0,6108.68701171875,7060.0,0.0,0.0,2881,7.16834676018871,4567.092808241425,1835541,0.22307482581709778,0.0,0.0,148.25600664992132,3184.7999968528748,0.0,0.3077591187660194,21.481760293012485,0.3077591187660194,0.0,2372.65283203125,7060.0,0.0,0.0,384,17.875630058347976,12767.854973654816,274276,0.20629490721330512,0.0
106,0.29353269784284447,0.29353269784284447,False,val_loss,0.299096740821066,110,319791,0.0,52.77526098365169,21312.510021209717,0.0,2881,0.3029823553772997,403.83523688896094,0.3029823553772997,0.0,6108.68701171875,7060.0,0.0,0.0,2881,7.134097614151891,4545.2720127656985,1835541,0.22555309881193383,0.0,0.0,144.31210105251205,3184.7999968528748,0.0,0.299096740821066,22.06883534800727,0.299096740821066,0.0,2372.65283203125,7060.0,0.0,0.0,384,17.400102630910865,12428.204555197159,274276,0.2091764794604387,0.0
106,0.29353269784284447,0.29353269784284447,False,val_loss,0.3086529848418043,111,322672,0.0,53.176139127448536,21312.510056972504,0.0,2881,0.308211968765917,400.7908510599518,0.308211968765917,0.0,6108.68701171875,7060.0,0.0,0.0,2881,7.18828783736146,4579.797655424606,1835541,0.21556540394973828,0.0,0.0,147.48778868628676,3184.7999968528748,0.0,0.3086529848418043,21.593652092968114,0.3086529848418043,0.0,2372.65283203125,7060.0,0.0,0.0,384,17.783003928503973,12701.695795558218,274276,0.20609414423112563,0.0
106,0.29353269784284447,0.29353269784284447,False,val_loss,0.3060922356574641,112,325553,0.0,52.92656307894717,21312.510038375854,0.0,2881,0.3073994956829148,402.68078633002006,0.3073994956829148,0.0,6108.68701171875,7060.0,0.0,0.0,2881,7.154550447407876,4558.302909679104,1835541,0.22283764823130728,0.0,0.0,146.6430713736,3184.7999968528748,0.0,0.3060922356574641,21.718039366067387,0.3060922356574641,0.0,2372.65283203125,7060.0,0.0,0.0,384,17.681154064025122,12628.948468918112,274276,0.20433894427211877,0.0
106,0.29353269784284447,0.29353269784284447,False,val_loss,0.31550704869247664,113,328434,0.0,52.87628458545735,21312.51005268097,0.0,2881,0.31162443185769506,403.06368383800145,0.31162443185769506,0.0,6108.68701171875,7060.0,0.0,0.0,2881,7.147753855090368,4553.97266883944,1835541,0.23033649630227807,0.0,0.0,146.82879821793983,3184.7999968528748,0.0,0.31550704869247664,21.690567759913392,0.31550704869247664,0.0,2372.65283203125,7060.0,0.0,0.0,384,17.703547654924698,12644.943324484704,274276,0.20716602455286193,0.0
114,0.28017917642137036,0.28017917642137036,True,val_loss,0.28017917642137036,114,331315,0.0,52.968299470032015,21312.510049819946,0.0,2881,0.3088086666719531,402.36349407210946,0.3088086666719531,0.0,6108.68701171875,7060.0,0.0,0.0,2881,7.16019231974281,4561.897456012856,1835541,0.23878881947584488,0.0,0.0,147.3537960704153,3184.7999968528748,0.0,0.28017917642137036,21.613287759013474,0.28017917642137036,0.0,2372.65283203125,7060.0,0.0,0.0,384,17.766848074275927,12690.156308385687,274276,0.22140765174481203,0.0
114,0.28017917642137036,0.28017917642137036,False,val_loss,0.3079982045092038,115,334196,0.0,53.075976429010346,21312.510053634644,0.0,2881,0.30860135381508275,401.5472062419867,0.30860135381508275,0.0,6108.68701171875,7060.0,0.0,0.0,2881,7.17474796291773,4571.171138702525,1835541,0.21228467806668144,0.0,0.0,143.36210110752893,3184.7999968528748,0.0,0.3079982045092038,22.215076175983995,0.3079982045092038,0.0,2372.65283203125,7060.0,0.0,0.0,384,17.28555855303031,12346.390254403492,274276,0.20516736748686526,0.0
114,0.28017917642137036,0.28017917642137036,False,val_loss,0.3052556275870302,116,337077,0.0,53.008573823843875,21312.51004934311,0.0,2881,0.31056264522997806,402.05779012595303,0.31056264522997806,0.0,6108.68701171875,7060.0,0.0,0.0,2881,7.165636559603699,4565.366086862733,1835541,0.2109123072939311,0.0,0.0,150.57371960819748,3184.7999968528748,0.0,0.3052556275870302,21.151101302006282,0.3052556275870302,0.0,2372.65283203125,7060.0,0.0,0.0,384,18.155083015160812,12967.457159026684,274276,0.210660861182987,0.0
114,0.28017917642137036,0.28017917642137036,False,val_loss,0.298169473176434,117,339958,0.0,53.09693350872988,21312.510044574738,0.0,2881,0.30542539088773135,401.38871750608087,0.30542539088773135,0.0,6108.68701171875,7060.0,0.0,0.0,2881,7.177580919315088,4572.976070191092,1835541,0.2171685596915393,0.0,0.0,148.92353423907406,3184.7999968528748,0.0,0.298169473176434,21.38547149801161,0.298169473176434,0.0,2372.65283203125,7060.0,0.0,0.0,384,17.956115675808398,12825.342664317772,274276,0.27556957680402167,0.0
114,0.28017917642137036,0.28017917642137036,False,val_loss,0.30317948129959404,118,342839,0.0,53.14612402550434,21312.510053873062,0.0,2881,0.30907182959925045,401.01720388198737,0.30907182959925045,0.0,6108.68701171875,7060.0,0.0,0.0,2881,7.184230432287962,4577.212603926511,1835541,0.21717538124568442,0.0,0.0,144.84137737449007,3184.7999968528748,0.0,0.30317948129959404,21.988191872951575,0.30317948129959404,0.0,2372.65283203125,7060.0,0.0,0.0,384,17.46391891696977,12473.78600226771,274276,0.20658976668710238,0.0
114,0.28017917642137036,0.28017917642137036,False,val_loss,0.29718967676186975,119,345720,0.0,52.99753187528634,21312.51003551483,0.0,2881,0.30796620225438803,402.1415579440072,0.30796620225438803,0.0,6108.68701171875,7060.0,0.0,0.0,2881,7.1641439266546545,4564.415101449362,1835541,0.22157270124431663,0.0,0.0,147.034754914383,3184.7999968528748,0.0,0.29718967676186975,21.66018502705265,0.29718967676186975,0.0,2372.65283203125,7060.0,0.0,0.0,384,17.72838041412852,12662.680381420609,274276,0.21263316250648737,0.0
114,0.28017917642137036,0.28017917642137036,False,val_loss,0.2993355428043287,120,348601,0.0,53.125343161277996,21312.51004743576,0.0,2881,0.30648738214384386,401.1740683299722,0.30648738214384386,0.0,6108.68701171875,7060.0,0.0,0.0,2881,7.181421301713676,4575.422852332114,1835541,0.2108979174047476,0.0,0.0,145.91473373119192,3184.7999968528748,0.0,0.2993355428043287,21.826445591985248,0.2993355428043287,0.0,2372.65283203125,7060.0,0.0,0.0,384,17.59333641300745,12566.22379691154,274276,0.21380786165658114,0.0
114,0.28017917642137036,0.28017917642137036,False,val_loss,0.3042416291864356,121,351482,0.0,52.92533926828809,21312.50998687744,0.0,2881,0.306429647123884,402.690096682054,0.306429647123884,0.0,6108.68701171875,7060.0,0.0,0.0,2881,7.154385031412153,4558.197519938666,1835541,0.21478733102102782,0.0,0.0,146.40606956650564,3184.7999968528748,0.0,0.3042416291864356,21.75319647800643,0.3042416291864356,0.0,2372.65283203125,7060.0,0.0,0.0,384,17.652578111370584,12608.537797068433,274276,0.2003060896822717,0.0
114,0.28017917642137036,0.28017917642137036,False,val_loss,0.3143335487766308,122,354363,0.0,53.16945269188261,21312.510033607483,0.0,2881,0.30659144589498366,400.841252911021,0.30659144589498366,0.0,6108.68701171875,7060.0,0.0,0.0,2881,7.187383980758902,4579.2217908456005,1835541,0.22154626405918476,0.0,0.0,149.75599166211254,3184.7999968528748,0.0,0.3143335487766308,21.266594822052866,0.3143335487766308,0.0,2372.65283203125,7060.0,0.0,0.0,384,18.056487332038824,12897.034165318439,274276,0.18992309942041175,0.0
114,0.28017917642137036,0.28017917642137036,False,val_loss,0.31190499569735647,123,357244,0.0,52.978910462068384,21312.51006269455,0.0,2881,0.30987471471113437,402.2829061000375,0.30987471471113437,0.0,6108.68701171875,7060.0,0.0,0.0,2881,7.1616266968191,4562.811325479357,1835541,0.21676554962884698,0.0,0.0,146.5800541188183,3184.7999968528748,0.0,0.31190499569735647,21.727376320050098,0.31190499569735647,0.0,2372.65283203125,7060.0,0.0,0.0,384,17.673555902175057,12623.521402669183,274276,0.20052975936050643,0.0
114,0.28017917642137036,0.28017917642137036,False,val_loss,0.30550337047316134,124,360125,0.0,53.16705246055505,21312.510036468506,0.0,2881,0.30601775942286896,400.8593489789637,0.30601775942286896,0.0,6108.68701171875,7060.0,0.0,0.0,2881,7.187059519350737,4579.015070186939,1835541,0.22157751195179928,0.0,0.0,147.6332447392541,3184.7999968528748,0.0,0.30550337047316134,21.572376888943836,0.30550337047316134,0.0,2372.65283203125,7060.0,0.0,0.0,384,17.800541960529426,12714.222517620232,274276,0.20850854044450293,0.0
114,0.28017917642137036,0.28017917642137036,False,val_loss,0.2899352409149287,125,363006,0.0,53.008679958226466,21312.5100274086,0.0,2881,0.30956687693781854,402.0569847089937,0.30956687693781854,0.0,6108.68701171875,7060.0,0.0,0.0,2881,7.1656509140992775,4565.375232390386,1835541,0.21646568277047112,0.0,0.0,149.7406944370012,3184.7999968528748,0.0,0.2899352409149287,21.26876737701241,0.2899352409149287,0.0,2372.65283203125,7060.0,0.0,0.0,384,18.05464290399042,12895.716763372073,274276,0.2891197051976633,0.0
114,0.28017917642137036,0.28017917642137036,False,val_loss,0.2890706220738745,126,365887,0.0,53.352249306363476,21312.510072231293,0.0,2881,0.30796528844155063,399.4678827850148,0.30796528844155063,0.0,6108.68701171875,7060.0,0.0,0.0,2881,7.212094198698055,4594.965150146625,1835541,0.20908060512663548,0.0,0.0,148.1151838265779,3184.7999968528748,0.0,0.2890706220738745,21.502184411976486,0.2890706220738745,0.0,2372.65283203125,7060.0,0.0,0.0,384,17.858650667423174,12755.72726681812,274276,0.21860789217923107,0.0
114,0.28017917642137036,0.28017917642137036,False,val_loss,0.2935906557395356,127,368768,0.0,52.77504757441736,21312.51003742218,0.0,2881,0.3067809355832153,403.8368702059379,0.3067809355832153,0.0,6108.68701171875,7060.0,0.0,0.0,2881,7.134068760316078,4545.253629427051,1835541,0.20953740949520414,0.0,0.0,144.5330282819351,3184.7999968528748,0.0,0.2935906557395356,22.03510183596518,0.2935906557395356,0.0,2372.65283203125,7060.0,0.0,0.0,384,17.42674042800402,12447.230879247996,274276,0.21085544914482549,0.0
114,0.28017917642137036,0.28017917642137036,False,val_loss,0.3105924036014282,128,371649,0.0,53.01851109556123,21312.510046482086,0.0,2881,0.3020809884588805,401.9824322880013,0.3020809884588805,0.0,6108.68701171875,7060.0,0.0,0.0,2881,7.166979869249362,4566.221935502202,1835541,0.21456761800912583,0.0,0.0,145.66857739455003,3184.7999968528748,0.0,0.3105924036014282,21.8633287550183,0.3105924036014282,0.0,2372.65283203125,7060.0,0.0,0.0,384,17.563656673820095,12545.024734033022,274276,0.19291931166056506,0.0
114,0.28017917642137036,0.28017917642137036,False,val_loss,0.28943328400297713,129,374530,0.0,53.08158701743983,21312.510053157806,0.0,2881,0.3054668911600518,401.5047637169482,0.3054668911600518,0.0,6108.68701171875,7060.0,0.0,0.0,2881,7.17550639581213,4571.654351015409,1835541,0.2084392291469146,0.0,0.0,144.49281292761134,3184.7999968528748,0.0,0.28943328400297713,22.041234662989154,0.28943328400297713,0.0,2372.65283203125,7060.0,0.0,0.0,384,17.421891553325683,12443.767519999883,274276,0.21017517735041716,0.0
114,0.28017917642137036,0.28017917642137036,False,val_loss,0.28923228935309453,130,377411,0.0,52.969316435077985,21312.510023117065,0.0,2881,0.30406468369988665,402.3557685370324,0.30406468369988665,0.0,6108.68701171875,7060.0,0.0,0.0,2881,7.160329800850949,4561.985047894395,1835541,0.21206565352004178,0.0,0.0,145.86913172510558,3184.7999968528748,0.0,0.28923228935309453,21.833269034978002,0.28923228935309453,0.0,2372.65283203125,7060.0,0.0,0.0,384,17.587838055071487,12562.296537481216,274276,0.21687940995010044,0.0
114,0.28017917642137036,0.28017917642137036,False,val_loss,0.29852978832786903,131,380292,0.0,53.00281480331495,21312.510019779205,0.0,2881,0.3051627232177207,402.101475154981,0.3051627232177207,0.0,6108.68701171875,7060.0,0.0,0.0,2881,7.164858071932174,4564.870097262219,1835541,0.20684615115811922,0.0,0.0,147.79157367122514,3184.7999968528748,0.0,0.29852978832786903,21.549266427988186,0.29852978832786903,0.0,2372.65283203125,7060.0,0.0,0.0,384,17.819632110597546,12727.857856162116,274276,0.205001287610988,0.0
114,0.28017917642137036,0.28017917642137036,False,val_loss,0.29595683990434435,132,383173,0.0,53.24097346967089,21312.510015010834,0.0,2881,0.3134586198723506,400.30278610798996,0.3134586198723506,0.0,6108.68701171875,7060.0,0.0,0.0,2881,7.197052081528082,4585.3815254356605,1835541,0.21156998692841342,0.0,0.0,145.69872956081824,3184.7999968528748,0.0,0.29595683990434435,21.858804167015478,0.29595683990434435,0.0,2372.65283203125,7060.0,0.0,0.0,384,17.56729220253726,12547.621448289348,274276,0.20919974320713663,0.0
114,0.28017917642137036,0.28017917642137036,False,val_loss,0.29407877365398843,133,386054,0.0,53.053739239411215,21312.510045051575,0.0,2881,0.30372196055398537,401.7155124330893,0.30372196055398537,0.0,6108.68701171875,7060.0,0.0,0.0,2881,7.171741968714405,4569.255961470325,1835541,0.20909814287771636,0.0,0.0,146.90850737340512,3184.7999968528748,0.0,0.29407877365398843,21.67879895993974,0.29407877365398843,0.0,2372.65283203125,7060.0,0.0,0.0,384,17.713158404651185,12651.807902588824,274276,0.20953144951393674,0.0
114,0.28017917642137036,0.28017917642137036,False,val_loss,0.29967920869239606,134,388935,0.0,52.93990857041124,21312.510030269623,0.0,2881,0.30200409778826653,402.5792753669666,0.30200409778826653,0.0,6108.68701171875,7060.0,0.0,0.0,2881,7.156354477944392,4559.452292537497,1835541,0.2277808410407447,0.0,0.0,145.42330429655985,3184.7999968528748,0.0,0.29967920869239606,21.900203768978827,0.29967920869239606,0.0,2372.65283203125,7060.0,0.0,0.0,384,17.534083429119864,12523.901735951249,274276,0.2082593809852066,0.0
114,0.28017917642137036,0.28017917642137036,False,val_loss,0.3032369458960602,135,391816,0.0,52.993217777449345,21312.510031700134,0.0,2881,0.3041010830534495,402.174295609002,0.3041010830534495,0.0,6108.68701171875,7060.0,0.0,0.0,2881,7.163560753273346,4564.043550372826,1835541,0.2196184461394888,0.0,0.0,145.83440882812468,3184.7999968528748,0.0,0.3032369458960602,21.83846749505028,0.3032369458960602,0.0,2372.65283203125,7060.0,0.0,0.0,384,17.58365142091743,12559.30619042591,274276,0.19757118595589418,0.0
114,0.28017917642137036,0.28017917642137036,False,val_loss,0.2995297315646894,136,394697,0.0,53.0914049547137,21312.51002407074,0.0,2881,0.3034734343317897,401.4305148309795,0.3034734343317897,0.0,6108.68701171875,7060.0,0.0,0.0,2881,7.176833582800829,4572.499927597299,1835541,0.22676548441559727,0.0,0.0,148.198222033652,3184.7999968528748,0.0,0.2995297315646894,21.490136340027675,0.2995297315646894,0.0,2372.65283203125,7060.0,0.0,0.0,384,17.868662809958956,12762.878543917455,274276,0.2006159489210404,0.0
114,0.28017917642137036,0.28017917642137036,False,val_loss,0.3140358958626166,137,397578,0.0,53.2792314766072,21312.510026454926,0.0,2881,0.3027437187512093,400.0153424850432,0.3027437187512093,0.0,6108.68701171875,7060.0,0.0,0.0,2881,7.202223749974595,4588.676495748739,1835541,0.2111475951982554,0.0,0.0,145.74723763488862,3184.7999968528748,0.0,0.3140358958626166,21.851529048057273,0.3140358958626166,0.0,2372.65283203125,7060.0,0.0,0.0,384,17.573140952996138,12551.798979229086,274276,0.19328658599988557,0.0
114,0.28017917642137036,0.28017917642137036,False,val_loss,0.29604704376348917,138,400459,0.0,52.86656293721267,21312.510013580322,0.0,2881,0.3035119885367984,403.1378026010934,0.3035119885367984,0.0,6108.68701171875,7060.0,0.0,0.0,2881,7.146439707245122,4553.135399748844,1835541,0.2086854958628763,0.0,0.0,149.65382024986747,3184.7999968528748,0.0,0.29604704376348917,21.281113917008042,0.29604704376348917,0.0,2372.65283203125,7060.0,0.0,0.0,384,18.044168246902903,12888.235130436304,274276,0.20273928961372198,0.0
114,0.28017917642137036,0.28017917642137036,False,val_loss,0.29520536901448696,139,403340,0.0,53.06296300471765,21312.510050296783,0.0,2881,0.30181205584397697,401.64568360801786,0.30181205584397697,0.0,6108.68701171875,7060.0,0.0,0.0,2881,7.172988824676835,4570.050357596718,1835541,0.229600918866372,0.0,0.0,146.32553215775258,3184.7999968528748,0.0,0.29520536901448696,21.765169412945397,0.29520536901448696,0.0,2372.65283203125,7060.0,0.0,0.0,384,17.642867496891895,12601.601889524796,274276,0.20694628387476163,0.0
114,0.28017917642137036,0.28017917642137036,False,val_loss,0.29186379567545373,140,406221,0.0,53.06802252199006,21312.51004076004,0.0,2881,0.3063527217195607,401.60739043797366,0.3063527217195607,0.0,6108.68701171875,7060.0,0.0,0.0,2881,7.173672767471038,4570.486110821435,1835541,0.20468978326171586,0.0,0.0,145.34480043752924,3184.7999968528748,0.0,0.29186379567545373,21.91203254100401,0.29186379567545373,0.0,2372.65283203125,7060.0,0.0,0.0,384,17.524618005263566,12517.140958363723,274276,0.2112275425424741,0.0
114,0.28017917642137036,0.28017917642137036,False,val_loss,0.30216017087028985,141,409102,0.0,53.06425533215762,21312.510041236877,0.0,2881,0.3028787267227883,401.6359017540235,0.3028787267227883,0.0,6108.68701171875,7060.0,0.0,0.0,2881,7.173163523026957,4570.161661305249,1835541,0.21409516480319132,0.0,0.0,147.30779809358853,3184.7999968528748,0.0,0.30216017087028985,21.620036671985872,0.30216017087028985,0.0,2372.65283203125,7060.0,0.0,0.0,384,17.761301973070534,12686.19494782785,274276,0.1961995715876886,0.0
114,0.28017917642137036,0.28017917642137036,False,val_loss,0.29613134474493563,142,411983,0.0,53.02053493003073,21312.51004052162,0.0,2881,0.30401774073948684,401.96708819794003,0.30401774073948684,0.0,6108.68701171875,7060.0,0.0,0.0,2881,7.167253450813151,4566.396239624791,1835541,0.20504818251889867,0.0,0.0,144.80808005219984,3184.7999968528748,0.0,0.29613134474493563,21.993247860926203,0.29613134474493563,0.0,2372.65283203125,7060.0,0.0,0.0,384,17.459904168234505,12470.918426163247,274276,0.20345952609932283,0.0
114,0.28017917642137036,0.28017917642137036,False,val_loss,0.28646951539364335,143,414864,0.0,53.22297152184786,21312.510036468506,0.0,2881,0.3033208913256759,400.4381834960077,0.3033208913256759,0.0,6108.68701171875,7060.0,0.0,0.0,2881,7.194618592182089,4583.83110215637,1835541,0.20849705391060153,0.0,0.0,144.69889171459437,3184.7999968528748,0.0,0.28646951539364335,22.009843745967373,0.28646951539364335,0.0,2372.65283203125,7060.0,0.0,0.0,384,17.446739033318043,12461.515091412342,274276,0.2072421147398321,0.0
114,0.28017917642137036,0.28017917642137036,False,val_loss,0.29641778324730694,144,417745,0.0,53.211552811699946,21312.510056495667,0.0,2881,0.3034309616224457,400.52411422599107,0.3034309616224457,0.0,6108.68701171875,7060.0,0.0,0.0,2881,7.193075017636589,4582.847660863479,1835541,0.20900059991775755,0.0,0.0,149.96182539909802,3184.7999968528748,0.0,0.29641778324730694,21.23740484204609,0.29641778324730694,0.0,2372.65283203125,7060.0,0.0,0.0,384,18.081305265686314,12914.760632946301,274276,0.2099883363043773,0.0
114,0.28017917642137036,0.28017917642137036,False,val_loss,0.29933943158296944,145,420626,0.0,53.22158646768589,21312.510043621063,0.0,2881,0.3058141332738107,400.44860475102905,0.3058141332738107,0.0,6108.68701171875,7060.0,0.0,0.0,2881,7.194431359777629,4583.711812758621,1835541,0.21497793856029376,0.0,0.0,146.94241953631217,3184.7999968528748,0.0,0.29933943158296944,21.673795809969306,0.29933943158296944,0.0,2372.65283203125,7060.0,0.0,0.0,384,17.717247286392325,12654.72842896495,274276,0.2056510847469326,0.0
114,0.28017917642137036,0.28017917642137036,False,val_loss,0.293851172158611,146,423507,0.0,53.2538805984461,21312.51000404358,0.0,2881,0.29889451267009587,400.2057646230096,0.29889451267009587,0.0,6108.68701171875,7060.0,0.0,0.0,2881,7.198796855697162,4586.493154912609,1835541,0.2224688281504588,0.0,0.0,146.34751501631095,3184.7999968528748,0.0,0.293851172158611,21.761900067096576,0.293851172158611,0.0,2372.65283203125,7060.0,0.0,0.0,384,17.64551802995355,12603.495060373802,274276,0.2070309064790005,0.0
114,0.28017917642137036,0.28017917642137036,False,val_loss,0.2989590726210736,147,426388,0.0,53.32464599911566,21312.510040283203,0.0,2881,0.30455049498996534,399.67466526897624,0.30455049498996534,0.0,6108.68701171875,7060.0,0.0,0.0,2881,7.208362826953572,4592.587820808464,1835541,0.2172158959225345,0.0,0.0,147.2680579501218,3184.7999968528748,0.0,0.2989590726210736,21.625870818039402,0.2989590726210736,0.0,2372.65283203125,7060.0,0.0,0.0,384,17.756510395858054,12682.772513891574,274276,0.19770812171676275,0.0
114,0.28017917642137036,0.28017917642137036,False,val_loss,0.2960150623645556,148,429269,0.0,52.98364958110951,21312.51005268097,0.0,2881,0.30283187286969027,402.2469237430487,0.30283187286969027,0.0,6108.68701171875,7060.0,0.0,0.0,2881,7.162267328712634,4563.219484488899,1835541,0.20924069255112654,0.0,0.0,145.43605867432672,3184.7999968528748,0.0,0.2960150623645556,21.89828317600768,0.2960150623645556,0.0,2372.65283203125,7060.0,0.0,0.0,384,17.535621259146023,12525.000147066497,274276,0.20367412930621262,0.0
114,0.28017917642137036,0.28017917642137036,False,val_loss,0.2882896903101937,149,432150,0.0,53.005843438252775,21312.51003217697,0.0,2881,0.2989328111858417,402.0785002129851,0.2989328111858417,0.0,6108.68701171875,7060.0,0.0,0.0,2881,7.165267475067443,4565.130935943343,1835541,0.20687742281045038,0.0,0.0,145.36180721340838,3184.7999968528748,0.0,0.2882896903101937,21.909468916943297,0.2882896903101937,0.0,2372.65283203125,7060.0,0.0,0.0,384,17.526668558498944,12518.605587372022,274276,0.26824522685395397,0.0
