epoch,train_loss,train_diffusion_loss,train_audio_wave_l1,train_audio_mrstft,train_x0,train_x0_loss,train_timbre_proj_mse,train_quant_embed_mse,train_rvq_ce,train_onset_weighted_x0,train_steps,train_batches_per_epoch,train_valid_tokens_seen,train_audio_seconds_seen,train_elapsed_sec,train_steps_per_sec,train_tokens_per_sec,train_audio_seconds_per_sec,train_peak_gpu_mem_allocated_mb,train_peak_gpu_mem_reserved_mb,val_loss,val_diffusion_loss,val_audio_wave_l1,val_audio_mrstft,val_x0,val_x0_loss,val_timbre_proj_mse,val_quant_embed_mse,val_rvq_ce,val_onset_weighted_x0,val_steps,val_valid_tokens_seen,val_audio_seconds_seen,val_elapsed_sec,val_steps_per_sec,val_tokens_per_sec,val_audio_seconds_per_sec,val_peak_gpu_mem_allocated_mb,val_peak_gpu_mem_reserved_mb,best_val_loss,checkpoint_metric_name,checkpoint_metric_value,best_checkpoint_metric_value,best_checkpoint_epoch,global_step,checkpoint_improved
0,0.48044708516469425,0.48044708516469425,0.0,0.0,0.4268138774238134,0.0,0.0,0.0,0.0,0.0,2881,2881,1835541,21312.51006603241,382.3751222193241,7.534485986636718,4800.367213605397,55.73717751911669,6116.8017578125,9244.0,0.4545465725192723,0.4545465725192723,0.0,0.0,0.3988771608122382,0.0,0.0,0.0,0.0,0.0,384,274276,3184.7999968528748,24.173807499930263,15.884961440232688,11345.999177034533,131.74589881474245,2377.5263671875,8686.0,0.4545465725192723,val_loss,0.4545465725192723,0.4545465725192723,0,2881,True
1,0.4600801935470516,0.4600801935470516,0.0,0.0,0.3691890129741687,0.0,0.0,0.0,0.0,0.0,2881,2881,1835541,21312.51001739502,375.84730857796967,7.665346895526153,4883.741237751118,56.70523516060707,6116.8017578125,8688.0,0.46022447303160635,0.46022447303160635,0.0,0.0,0.3408561997069531,0.0,0.0,0.0,0.0,0.0,384,274276,3184.7999968528748,23.836559737101197,16.10970728306529,11506.526236380249,133.6098846468934,2377.5263671875,8688.0,0.4545465725192723,val_loss,0.46022447303160635,0.4545465725192723,0,5762,False
2,0.4466766145931158,0.4466766145931158,0.0,0.0,0.35466764953285806,0.0,0.0,0.0,0.0,0.0,2881,2881,1835541,21312.51002550125,376.46804861165583,7.652707874212944,4875.688672037731,56.61173665095305,6116.8017578125,8688.0,0.44036806612469565,0.44036806612469565,0.0,0.0,0.34935151573154144,0.0,0.0,0.0,0.0,0.0,384,274276,3184.7999968528748,24.12639980763197,15.91617493955846,11368.293744068584,132.00477577451977,2377.5263671875,8688.0,0.44036806612469565,val_loss,0.44036806612469565,0.44036806612469565,2,8643,True
3,0.4291039387657023,0.4291039387657023,0.0,0.0,0.34783567827070794,0.0,0.0,0.0,0.0,0.0,2881,2881,1835541,21312.510028362274,377.5166556984186,7.631451371781338,4862.145741898955,56.454489375928084,6116.8017578125,8688.0,0.4214952206239104,0.4214952206239104,0.0,0.0,0.3620798343696758,0.0,0.0,0.0,0.0,0.0,384,274276,3184.7999968528748,24.340793957933784,15.775984984862696,11268.161608615106,130.84207533891072,2377.5263671875,8688.0,0.4214952206239104,val_loss,0.4214952206239104,0.4214952206239104,3,11524,True
4,0.42860967026365915,0.42860967026365915,0.0,0.0,0.34251236658537204,0.0,0.0,0.0,0.0,0.0,2881,2881,1835541,21312.51003217697,376.37221417576075,7.654656458392574,4876.9301528269225,56.62615153153765,6116.8017578125,8688.0,0.424498955020681,0.424498955020681,0.0,0.0,0.3246928440936851,0.0,0.0,0.0,0.0,0.0,384,274276,3184.7999968528748,24.470139851793647,15.692595233445429,11208.599610022078,130.15046158877718,2377.5263671875,8688.0,0.4214952206239104,val_loss,0.424498955020681,0.4214952206239104,3,14405,False
5,0.41934322964378073,0.41934322964378073,0.0,0.0,0.3278772089393494,0.0,0.0,0.0,0.0,0.0,2881,2881,1835541,21312.510053157806,376.4086955487728,7.6539145722968485,4876.457482800531,56.62066340440389,6116.8017578125,8688.0,0.40007408265470684,0.40007408265470684,0.0,0.0,0.3512258731467834,0.0,0.0,0.0,0.0,0.0,384,274276,3184.7999968528748,23.8699344471097,16.087182847144216,11490.43792339408,133.4230726066576,2377.5263671875,8688.0,0.40007408265470684,val_loss,0.40007408265470684,0.40007408265470684,5,17286,True
6,0.4157726291139733,0.4157726291139733,0.0,0.0,0.320232046720105,0.0,0.0,0.0,0.0,0.0,2881,2881,1835541,21312.51007270813,378.20424907654524,7.617577028905645,4853.306128849183,56.35185253668227,6116.8017578125,8688.0,0.40321377415481646,0.40321377415481646,0.0,0.0,0.32259369599402515,0.0,0.0,0.0,0.0,0.0,384,274276,3184.7999968528748,23.36647026054561,16.4338043238129,11738.01592374507,136.2978644759377,2377.5263671875,8688.0,0.40007408265470684,val_loss,0.40321377415481646,0.40007408265470684,5,20167,False
7,0.4069430651295127,0.4069430651295127,0.0,0.0,0.3223594583740105,0.0,0.0,0.0,0.0,0.0,2881,2881,1835541,21312.51005268097,378.18177520669997,7.61802971183726,4853.594541928315,56.35520125482607,6116.8017578125,8688.0,0.407655871026994,0.407655871026994,0.0,0.0,0.31797004301915877,0.0,0.0,0.0,0.0,0.0,384,274276,3184.7999968528748,23.797004144638777,16.13648498214475,11525.652486882118,133.83197218841423,2377.5263671875,8688.0,0.40007408265470684,val_loss,0.407655871026994,0.40007408265470684,5,23048,False
8,0.3998614910130765,0.3998614910130765,0.0,0.0,0.33599635375604964,0.0,0.0,0.0,0.0,0.0,2881,2881,1835541,21312.51005601883,375.99926675111055,7.662248984934997,4881.767498804779,56.68231813368524,6116.8017578125,8688.0,0.39170146197041805,0.39170146197041805,0.0,0.0,0.3177934820426647,0.0,0.0,0.0,0.0,0.0,384,274276,3184.7999968528748,24.041999956592917,15.972048943236837,11408.202333216737,132.46818079206938,2377.5263671875,8688.0,0.39170146197041805,val_loss,0.39170146197041805,0.39170146197041805,8,25929,True
9,0.40172154344010585,0.40172154344010585,0.0,0.0,0.31258269528806965,0.0,0.0,0.0,0.0,0.0,2881,2881,1835541,21312.5100274086,373.2550388649106,7.7185830063038985,4917.658996867082,57.09905509171727,6116.8017578125,8688.0,0.38221210408664774,0.38221210408664774,0.0,0.0,0.3364669502182854,0.0,0.0,0.0,0.0,0.0,384,274276,3184.7999968528748,23.907658072188497,16.061799062062995,11472.30729048539,133.21254583934828,2377.5263671875,8688.0,0.38221210408664774,val_loss,0.38221210408664774,0.38221210408664774,9,28810,True
10,0.3886096186707031,0.3886096186707031,0.0,0.0,0.3236553741876632,0.0,0.0,0.0,0.0,0.0,2881,2881,1835541,21312.510021686554,374.9342526514083,7.684013876103721,4895.634333272232,56.8433261857824,6116.8017578125,8688.0,0.39160145690402715,0.39160145690402715,0.0,0.0,0.30950398265607265,0.0,0.0,0.0,0.0,0.0,384,274276,3184.7999968528748,24.000526644289494,15.99964891151112,11427.915898056312,132.697088028718,2377.5263671875,8688.0,0.38221210408664774,val_loss,0.39160145690402715,0.38221210408664774,9,31691,False
11,0.39169270939246037,0.39169270939246037,0.0,0.0,0.3200074648378719,0.0,0.0,0.0,0.0,0.0,2881,2881,1835541,21312.510010242462,377.00979059562087,7.641711360992607,4868.682580099872,56.530388711051195,6116.8017578125,8688.0,0.3826656326612768,0.3826656326612768,0.0,0.0,0.3278955695762609,0.0,0.0,0.0,0.0,0.0,384,274276,3184.7999968528748,23.829534463584423,16.114456645672924,11509.918518095279,133.64927467298156,2377.5263671875,8688.0,0.38221210408664774,val_loss,0.3826656326612768,0.38221210408664774,9,34572,False
12,0.39078152569153735,0.39078152569153735,0.0,0.0,0.3146394661247309,0.0,0.0,0.0,0.0,0.0,2881,2881,1835541,21312.51005935669,379.74361302144825,7.586697711851387,4833.632316802988,56.12341940337767,6116.8017578125,8688.0,0.3877603808893279,0.3877603808893279,0.0,0.0,0.305870544082912,0.0,0.0,0.0,0.0,0.0,384,274276,3184.7999968528748,24.331728875637054,15.781862520443118,11272.359699627752,130.89082214958268,2377.5263671875,8688.0,0.38221210408664774,val_loss,0.3877603808893279,0.38221210408664774,9,37453,False
13,0.3894896177676497,0.3894896177676497,0.0,0.0,0.31163744527635806,0.0,0.0,0.0,0.0,0.0,2881,2881,1835541,21312.510023117065,376.3101231381297,7.65591947400918,4877.7348445825355,56.635494802498364,6116.8017578125,8688.0,0.3816236890803945,0.3816236890803945,0.0,0.0,0.30229259078381193,0.0,0.0,0.0,0.0,0.0,384,274276,3184.7999968528748,24.394925413653255,15.740978645709832,11243.157966225808,130.55174151384855,2377.5263671875,8688.0,0.3816236890803945,val_loss,0.3816236890803945,0.3816236890803945,13,40334,True
14,0.38964554090140124,0.38964554090140124,0.0,0.0,0.30189639912083865,0.0,0.0,0.0,0.0,0.0,2881,2881,1835541,21312.510046482086,373.6112075038254,7.711224776281641,4912.970925748275,57.04462183796739,6116.8017578125,8688.0,0.38117661687768606,0.38117661687768606,0.0,0.0,0.31432207699284237,0.0,0.0,0.0,0.0,0.0,384,274276,3184.7999968528748,23.788214921951294,16.142447058759856,11529.910962209424,133.88142016129189,2377.5263671875,8688.0,0.38117661687768606,val_loss,0.38117661687768606,0.38117661687768606,14,43215,True
15,0.38601673985626167,0.38601673985626167,0.0,0.0,0.30644817873463004,0.0,0.0,0.0,0.0,0.0,2881,2881,1835541,21312.510023593903,373.8029527552426,7.707269241092408,4910.450777530024,57.015360276056555,6116.8017578125,8688.0,0.3813240799160364,0.3813240799160364,0.0,0.0,0.3012529775078292,0.0,0.0,0.0,0.0,0.0,384,274276,3184.7999968528748,23.9141866248101,16.057414204571522,11469.175360346508,133.1761789275643,2377.5263671875,8688.0,0.38117661687768606,val_loss,0.3813240799160364,0.38117661687768606,14,46096,False
16,0.3859629544533895,0.3859629544533895,0.0,0.0,0.30651766419381127,0.0,0.0,0.0,0.0,0.0,2881,2881,1835541,21312.510044574738,374.0507217478007,7.7021639913917355,4907.198123888642,56.977593693682124,6116.8017578125,8688.0,0.38669122994178906,0.38669122994178906,0.0,0.0,0.2901111393960794,0.0,0.0,0.0,0.0,0.0,384,274276,3184.7999968528748,23.96439060010016,16.023774875309996,11445.148119011783,132.89718274077723,2377.5263671875,8688.0,0.38117661687768606,val_loss,0.38669122994178906,0.38117661687768606,14,48977,False
17,0.3824546690703768,0.3824546690703768,0.0,0.0,0.3077395234961051,0.0,0.0,0.0,0.0,0.0,2881,2881,1835541,21312.51006269455,376.20854224450886,7.657986665617907,4879.051892466144,56.65078718186822,6116.8017578125,8688.0,0.3762064067025979,0.3762064067025979,0.0,0.0,0.29337986831190693,0.0,0.0,0.0,0.0,0.0,384,274276,3184.7999968528748,23.726113246753812,16.184698943580173,11560.089811066135,134.23184673067414,2377.5263671875,8688.0,0.3762064067025979,val_loss,0.3762064067025979,0.3762064067025979,17,51858,True
18,0.3824283859806626,0.3824283859806626,0.0,0.0,0.30150328570382373,0.0,0.0,0.0,0.0,0.0,2881,2881,1835541,21312.51005744934,376.9075339678675,7.643784590004014,4870.003474529871,56.54572577280001,6116.8017578125,8688.0,0.38219151159743586,0.38219151159743586,0.0,0.0,0.29675750690087926,0.0,0.0,0.0,0.0,0.0,384,274276,3184.7999968528748,23.69952044636011,16.20285949958859,11573.061177367606,134.3824658419201,2377.5263671875,8688.0,0.3762064067025979,val_loss,0.38219151159743586,0.3762064067025979,17,54739,False
19,0.37920862855890775,0.37920862855890775,0.0,0.0,0.31626027393269074,0.0,0.0,0.0,0.0,0.0,2881,2881,1835541,21312.51002931595,375.83050687238574,7.665689578994851,4883.959568038107,56.70777023045835,6116.8017578125,8688.0,0.38082105314242654,0.38082105314242654,0.0,0.0,0.309754206463064,0.0,0.0,0.0,0.0,0.0,384,274276,3184.7999968528748,23.955844337120652,16.029491367372714,11449.23118301437,132.94459389677553,2377.5263671875,8688.0,0.3762064067025979,val_loss,0.38082105314242654,0.3762064067025979,17,57620,False
20,0.37843426804231844,0.37843426804231844,0.0,0.0,0.30081607459974663,0.0,0.0,0.0,0.0,0.0,2881,2881,1835541,21312.51003217697,377.0152960009873,7.641599772101701,4868.611484652319,56.529563278305716,6116.8017578125,8688.0,0.3782572320778854,0.3782572320778854,0.0,0.0,0.30596062687254744,0.0,0.0,0.0,0.0,0.0,384,274276,3184.7999968528748,23.671858159825206,16.221793718403873,11586.585140387866,134.53950151906417,2377.5263671875,8688.0,0.3762064067025979,val_loss,0.3782572320778854,0.3762064067025979,17,60501,False
21,0.37648474368538626,0.37648474368538626,0.0,0.0,0.30280054445080756,0.0,0.0,0.0,0.0,0.0,2881,2881,1835541,21312.510034561157,377.0118564646691,7.641669487574821,4868.655901732931,56.530079012404784,6116.8017578125,8688.0,0.38491867659225437,0.38491867659225437,0.0,0.0,0.2797608130968001,0.0,0.0,0.0,0.0,0.0,384,274276,3184.7999968528748,23.67266108095646,16.221243513214908,11586.192150600345,134.5349382547827,2377.5263671875,8688.0,0.3762064067025979,val_loss,0.38491867659225437,0.3762064067025979,17,63382,False
22,0.37711561551587175,0.37711561551587175,0.0,0.0,0.29876546160576084,0.0,0.0,0.0,0.0,0.0,2881,2881,1835541,21312.51001882553,377.460775449872,7.632581151157535,4862.865546260622,56.46284701615546,6116.8017578125,8688.0,0.3640069478812317,0.3640069478812317,0.0,0.0,0.31768572883508267,0.0,0.0,0.0,0.0,0.0,384,274276,3184.7999968528748,24.458768075332046,15.69989129531361,11213.810898212072,130.21097330183662,2377.5263671875,8688.0,0.3640069478812317,val_loss,0.3640069478812317,0.3640069478812317,22,66263,True
23,0.3742805243027227,0.3742805243027227,0.0,0.0,0.3026875231489142,0.0,0.0,0.0,0.0,0.0,2881,2881,1835541,21312.510046958923,376.2065036557615,7.658028162735294,4879.078331084799,56.65109411946906,6116.8017578125,8688.0,0.36297657604639727,0.36297657604639727,0.0,0.0,0.3056011092339759,0.0,0.0,0.0,0.0,0.0,384,274276,3184.7999968528748,23.524243215098977,16.32358569365286,11659.29111904253,135.38373871295119,2377.5263671875,8688.0,0.36297657604639727,val_loss,0.36297657604639727,0.36297657604639727,23,69144,True
24,0.37350487720036374,0.37350487720036374,0.0,0.0,0.3030058844265532,0.0,0.0,0.0,0.0,0.0,2881,2881,1835541,21312.51003265381,378.07231100834906,7.620235378560633,4854.999814994294,56.37151786072786,6116.8017578125,8688.0,0.36633127164047136,0.36633127164047136,0.0,0.0,0.29995490612024395,0.0,0.0,0.0,0.0,0.0,384,274276,3184.7999968528748,24.116563806310296,15.922666391616008,11372.93033131998,132.05861425496886,2377.5263671875,8688.0,0.36297657604639727,val_loss,0.36633127164047136,0.36297657604639727,23,72025,False
25,0.37271273159284596,0.37271273159284596,0.0,0.0,0.2964219524359353,0.0,0.0,0.0,0.0,0.0,2881,2881,1835541,21312.510036468506,381.26614917069674,7.556401233800977,4814.329842794959,55.89929786010632,6116.8017578125,8688.0,0.36894737025553087,0.36894737025553087,0.0,0.0,0.29898943425359903,0.0,0.0,0.0,0.0,0.0,384,274276,3184.7999968528748,24.02822826616466,15.981203264192784,11414.740902317031,132.54410444142275,2377.5263671875,8688.0,0.36297657604639727,val_loss,0.36894737025553087,0.36297657604639727,23,74906,False
26,0.37218848695229845,0.37218848695229845,0.0,0.0,0.3008581856708131,0.0,0.0,0.0,0.0,0.0,2881,2881,1835541,21312.510036230087,382.6616281364113,7.5288447760771575,4796.773088901577,55.695445974093325,6116.8017578125,8688.0,0.3703681897992889,0.3703681897992889,0.0,0.0,0.2847861395957807,0.0,0.0,0.0,0.0,0.0,384,274276,3184.7999968528748,23.85880860313773,16.09468462517861,11495.796146498667,133.48529047816888,2377.5263671875,8688.0,0.36297657604639727,val_loss,0.3703681897992889,0.36297657604639727,23,77787,False
27,0.37006214043983454,0.37006214043983454,0.0,0.0,0.30165912027848824,0.0,0.0,0.0,0.0,0.0,2881,2881,1835541,21312.51001214981,379.5349856428802,7.59086805955446,4836.289326241809,56.15426987857086,6116.8017578125,8688.0,0.3653237808709188,0.3653237808709188,0.0,0.0,0.29278643791379483,0.0,0.0,0.0,0.0,0.0,384,274276,3184.7999968528748,24.21025012433529,15.861050506620613,11328.920543629883,131.54758750929327,2377.5263671875,8688.0,0.36297657604639727,val_loss,0.3653237808709188,0.36297657604639727,23,80668,False
28,0.3694422938665378,0.3694422938665378,0.0,0.0,0.2989572663772486,0.0,0.0,0.0,0.0,0.0,2881,2881,1835541,21312.510055065155,378.74611124768853,7.606678760368612,4846.362630505298,56.271231366194584,6116.8017578125,8688.0,0.36295599227499525,0.36295599227499525,0.0,0.0,0.29413352553456207,0.0,0.0,0.0,0.0,0.0,384,274276,3184.7999968528748,24.247447289526463,15.836718620927426,11311.541240816383,131.34578493252482,2377.5263671875,8688.0,0.36295599227499525,val_loss,0.36295599227499525,0.36295599227499525,28,83549,True
29,0.36698761420160875,0.36698761420160875,0.0,0.0,0.3050148377595605,0.0,0.0,0.0,0.0,0.0,2881,2881,1835541,21312.510051727295,379.2519264742732,7.596533593865434,4839.898948079609,56.19618138755333,6116.8017578125,8688.0,0.3701454206602648,0.3701454206602648,0.0,0.0,0.2863696275323188,0.0,0.0,0.0,0.0,0.0,384,274276,3184.7999968528748,24.050805574283004,15.966201165860438,11404.025497311295,132.41968078850178,2377.5263671875,8688.0,0.36295599227499525,val_loss,0.3701454206602648,0.36295599227499525,28,86430,False
30,0.3680607174862278,0.3680607174862278,0.0,0.0,0.29472811584117964,0.0,0.0,0.0,0.0,0.0,2881,2881,1835541,21312.510035037994,376.46196321956813,7.65283157788688,4875.767486048615,56.612651787632686,6116.8017578125,8688.0,0.36908371242073673,0.36908371242073673,0.0,0.0,0.2948084553915275,0.0,0.0,0.0,0.0,0.0,384,274276,3184.7999968528748,23.351237239316106,16.44452480459859,11745.673138817923,136.38677746336617,2377.5263671875,8688.0,0.36295599227499525,val_loss,0.36908371242073673,0.36295599227499525,28,89311,False
31,0.36905725777982573,0.36905725777982573,0.0,0.0,0.2933324885527781,0.0,0.0,0.0,0.0,0.0,2881,2881,1835541,21312.51003265381,378.80443855188787,7.605507504119085,4845.616400422857,56.262566811857624,6116.8017578125,8688.0,0.3639984275578172,0.3639984275578172,0.0,0.0,0.2961939772964494,0.0,0.0,0.0,0.0,0.0,384,274276,3184.7999968528748,24.007098639383912,15.995268973071312,11424.787481401321,132.66076191431875,2377.5263671875,8688.0,0.36295599227499525,val_loss,0.3639984275578172,0.36295599227499525,28,92192,False
32,0.36530653619023506,0.36530653619023506,0.0,0.0,0.29275333651416496,0.0,0.0,0.0,0.0,0.0,2881,2881,1835541,21312.510048627853,378.5666215326637,7.610285313417205,4848.660435430451,56.297911216636294,6116.8017578125,8688.0,0.36541732372522046,0.36541732372522046,0.0,0.0,0.2808056434332684,0.0,0.0,0.0,0.0,0.0,384,274276,3184.7999968528748,23.705731814727187,16.19861403145715,11570.028807531098,134.34725499063975,2377.5263671875,8688.0,0.36295599227499525,val_loss,0.36541732372522046,0.36295599227499525,28,95073,False
33,0.3679734354726233,0.3679734354726233,0.0,0.0,0.3049039679364628,0.0,0.0,0.0,0.0,0.0,2881,2881,1835541,21312.51004219055,376.5928069297224,7.650172671879088,4874.073445440337,56.5929822609909,6116.8017578125,8688.0,0.36295207403600216,0.36295207403600216,0.0,0.0,0.2922752083704836,0.0,0.0,0.0,0.0,0.0,384,274276,3184.7999968528748,23.310768960043788,16.473073052982578,11766.064022603774,136.62354949816688,2377.5263671875,8688.0,0.36295207403600216,val_loss,0.36295207403600216,0.36295207403600216,33,97954,True
34,0.36849314589324933,0.36849314589324933,0.0,0.0,0.28863536449850247,0.0,0.0,0.0,0.0,0.0,2881,2881,1835541,21312.510040283203,376.574052400887,7.650553673658302,4874.316189066447,56.5958007579202,6116.8017578125,8688.0,0.36310560611309484,0.36310560611309484,0.0,0.0,0.2783976223948533,0.0,0.0,0.0,0.0,0.0,384,274276,3184.7999968528748,24.15777046047151,15.895506608456495,11353.531173283889,131.83335780361222,2377.5263671875,8688.0,0.36295207403600216,val_loss,0.36310560611309484,0.36295207403600216,33,100835,False
35,0.3625671183286349,0.3625671183286349,0.0,0.0,0.2937948034893374,0.0,0.0,0.0,0.0,0.0,2881,2881,1835541,21312.510055541992,376.24832708761096,7.657176903085997,4878.535977045253,56.64479685667622,6116.8017578125,8688.0,0.3677390462544281,0.3677390462544281,0.0,0.0,0.2828065157934058,0.0,0.0,0.0,0.0,0.0,384,274276,3184.7999968528748,23.592498203739524,16.276360251630077,11625.559855146072,134.9920627035618,2377.5263671875,8688.0,0.36295207403600216,val_loss,0.3677390462544281,0.36295207403600216,33,103716,False
36,0.37085100576728947,0.37085100576728947,0.0,0.0,0.2853874913620055,0.0,0.0,0.0,0.0,0.0,2881,2881,1835541,21312.51002883911,379.4083995036781,7.593400683191967,4837.902909901724,56.17300528063956,6116.8017578125,8688.0,0.3629162317132189,0.3629162317132189,0.0,0.0,0.2871218323416542,0.0,0.0,0.0,0.0,0.0,384,274276,3184.7999968528748,23.346994683146477,16.447513061593256,11747.807532504043,136.4115613197912,2377.5263671875,8688.0,0.3629162317132189,val_loss,0.3629162317132189,0.3629162317132189,36,106597,True
37,0.3635743593639335,0.3635743593639335,0.0,0.0,0.2922068033748442,0.0,0.0,0.0,0.0,0.0,2881,2881,1835541,21312.510020256042,378.4365576095879,7.612900873525461,4850.326859525095,56.31726003131807,6116.8017578125,8688.0,0.3605221921946698,0.3605221921946698,0.0,0.0,0.2897807561857917,0.0,0.0,0.0,0.0,0.0,384,274276,3184.7999968528748,23.414438428357244,16.40013708528398,11713.968747925388,136.0186368166644,2377.5263671875,8688.0,0.3605221921946698,val_loss,0.3605221921946698,0.3605221921946698,37,109478,True
38,0.37003008103439716,0.37003008103439716,0.0,0.0,0.2829773095151114,0.0,0.0,0.0,0.0,0.0,2881,2881,1835541,21312.510047912598,376.2668980900198,7.656798976004358,4878.295192368628,56.64200107981249,6116.8017578125,8688.0,0.3422245006562055,0.3422245006562055,0.0,0.0,0.31656153283559735,0.0,0.0,0.0,0.0,0.0,384,274276,3184.7999968528748,23.689013274386525,16.21004621645409,11578.194364750421,134.44207067486442,2377.5263671875,8688.0,0.3422245006562055,val_loss,0.3422245006562055,0.3422245006562055,38,112359,True
39,0.36238457017029607,0.36238457017029607,0.0,0.0,0.287901228904664,0.0,0.0,0.0,0.0,0.0,2881,2881,1835541,21312.509999275208,377.9183321874589,7.623340162739016,4856.977933236423,56.39448575017409,6116.8017578125,8688.0,0.36664399287838023,0.36664399287838023,0.0,0.0,0.2701718668461884,0.0,0.0,0.0,0.0,0.0,384,274276,3184.7999968528748,24.747560422867537,15.516680975356735,11082.951018742042,128.6914727121958,2377.5263671875,8688.0,0.3422245006562055,val_loss,0.36664399287838023,0.3422245006562055,38,115240,False
40,0.36366176068219036,0.36366176068219036,0.0,0.0,0.28713240747992047,0.0,0.0,0.0,0.0,0.0,2881,2881,1835541,21312.5100440979,378.2934583723545,7.615780649223465,4852.1616204985385,56.338563547456275,6116.8017578125,8688.0,0.35694923560367897,0.35694923560367897,0.0,0.0,0.28124483884918544,0.0,0.0,0.0,0.0,0.0,384,274276,3184.7999968528748,24.47739991173148,15.687940769230035,11205.275110472232,130.11185862622892,2377.5263671875,8688.0,0.3422245006562055,val_loss,0.35694923560367897,0.3422245006562055,38,118121,False
41,0.3624702689649407,0.3624702689649407,0.0,0.0,0.2897012869139544,0.0,0.0,0.0,0.0,0.0,2881,2881,1835541,21312.510060310364,378.18935505114496,7.617877027793085,4853.497263961245,56.35407177821845,6116.8017578125,8688.0,0.34605778617454536,0.34605778617454536,0.0,0.0,0.3038827535256132,0.0,0.0,0.0,0.0,0.0,384,274276,3184.7999968528748,23.855216585099697,16.09710809500056,11497.527135063474,133.50539013098484,2377.5263671875,8688.0,0.3422245006562055,val_loss,0.34605778617454536,0.3422245006562055,38,121002,False
42,0.3653708834838573,0.3653708834838573,0.0,0.0,0.28399410051234997,0.0,0.0,0.0,0.0,0.0,2881,2881,1835541,21312.510052204132,382.0414047949016,7.54106744410769,4804.560387860074,55.785864528599255,6116.8017578125,8688.0,0.3445124277738311,0.3445124277738311,0.0,0.0,0.29648583961928426,0.0,0.0,0.0,0.0,0.0,384,274276,3184.7999968528748,23.793434428051114,16.13890593059091,11527.381674528,133.85205092956969,2377.5263671875,8688.0,0.3422245006562055,val_loss,0.3445124277738311,0.3422245006562055,38,123883,False
43,0.36265649939090383,0.36265649939090383,0.0,0.0,0.2792500209266786,0.0,0.0,0.0,0.0,0.0,2881,2881,1835541,21312.510050296783,378.4803464319557,7.612020088123531,4849.765694055659,56.31074440513494,6116.8017578125,8688.0,0.36783685053039034,0.36783685053039034,0.0,0.0,0.26220670460679685,0.0,0.0,0.0,0.0,0.0,384,274276,3184.7999968528748,23.75068911910057,16.167951930758207,11548.128082709994,134.0929511932192,2377.5263671875,8688.0,0.3422245006562055,val_loss,0.36783685053039034,0.3422245006562055,38,126764,False
44,0.35994293835726576,0.35994293835726576,0.0,0.0,0.2902763864454283,0.0,0.0,0.0,0.0,0.0,2881,2881,1835541,21312.51004934311,380.58646331727505,7.569896141046564,4822.927710042607,55.9991279342376,6116.8017578125,8688.0,0.35424579081397195,0.35424579081397195,0.0,0.0,0.27806313417992595,0.0,0.0,0.0,0.0,0.0,384,274276,3184.7999968528748,24.85723297484219,15.448219855711349,11034.051950898662,128.12367330169798,2377.5263671875,8688.0,0.3422245006562055,val_loss,0.35424579081397195,0.3422245006562055,38,129645,False
45,0.36538600628947954,0.36538600628947954,0.0,0.0,0.27222738355841536,0.0,0.0,0.0,0.0,0.0,2881,2881,1835541,21312.51003885269,381.7965319957584,7.545904057693239,4807.641888220169,55.82164386733996,6116.8017578125,8688.0,0.3602519368190163,0.3602519368190163,0.0,0.0,0.27820998637010536,0.0,0.0,0.0,0.0,0.0,384,274276,3184.7999968528748,24.779740834608674,15.496530111553291,11068.5580543656,128.52434648569115,2377.5263671875,8688.0,0.3422245006562055,val_loss,0.3602519368190163,0.3422245006562055,38,132526,False
46,0.3624631195579336,0.3624631195579336,0.0,0.0,0.2778447756308743,0.0,0.0,0.0,0.0,0.0,2881,2881,1835541,21312.510045051575,380.4647864252329,7.572317078458877,4824.470136241404,56.01703707010427,6116.8017578125,8688.0,0.3506031039287336,0.3506031039287336,0.0,0.0,0.2933450302746981,0.0,0.0,0.0,0.0,0.0,384,274276,3184.7999968528748,23.856769209727645,16.09606047760328,11496.778863424785,133.49670145420473,2377.5263671875,8688.0,0.3422245006562055,val_loss,0.3506031039287336,0.3422245006562055,38,135407,False
47,0.36004714169195234,0.36004714169195234,0.0,0.0,0.2793915180220061,0.0,0.0,0.0,0.0,0.0,2881,2881,1835541,21312.51003551483,379.779372619465,7.58598335693901,4833.177187427694,56.11813482263489,6116.8017578125,8688.0,0.3584793514746707,0.3584793514746707,0.0,0.0,0.27582132790090935,0.0,0.0,0.0,0.0,0.0,384,274276,3184.7999968528748,24.016575764864683,15.988957116933259,11420.279172406215,132.6084129575255,2377.5263671875,8688.0,0.3422245006562055,val_loss,0.3584793514746707,0.3422245006562055,38,138288,False
48,0.35743380924450807,0.35743380924450807,0.0,0.0,0.2832135847029081,0.0,0.0,0.0,0.0,0.0,2881,2881,1835541,21312.510073184967,378.1694141495973,7.618278719019635,4853.753189235689,56.35704336669096,6116.8017578125,8688.0,0.34862738523709896,0.34862738523709896,0.0,0.0,0.3624230114085852,0.0,0.0,0.0,0.0,0.0,384,274276,3184.7999968528748,23.80861395597458,16.128616336510355,11520.032224772693,133.76671160874844,2377.5263671875,8688.0,0.3422245006562055,val_loss,0.34862738523709896,0.3422245006562055,38,141169,False
49,0.3573417065982571,0.3573417065982571,0.0,0.0,0.2763298410332414,0.0,0.0,0.0,0.0,0.0,2881,2881,1835541,21312.51004219055,376.71101238392293,7.647772178913222,4872.544044795055,56.575224353861,6116.8017578125,8688.0,0.3414529839258951,0.3414529839258951,0.0,0.0,0.2914839684017352,0.0,0.0,0.0,0.0,0.0,384,274276,3184.7999968528748,24.19585588760674,15.870486325581359,11335.660175612378,131.62584583272164,2377.5263671875,8688.0,0.3414529839258951,val_loss,0.3414529839258951,0.3414529839258951,49,144050,True
50,0.3568325759930273,0.3568325759930273,0.0,0.0,0.27656876361613375,0.0,0.0,0.0,0.0,0.0,2881,2881,1835541,21312.5100274086,375.26547359116375,7.67723172726178,4891.313294651099,56.793154519266274,6116.8017578125,8688.0,0.3571538146885966,0.3571538146885966,0.0,0.0,0.27635811317395564,0.0,0.0,0.0,0.0,0.0,384,274276,3184.7999968528748,24.110142894089222,15.92690684940488,11375.959122467117,132.09378355172055,2377.5263671875,8688.0,0.3414529839258951,val_loss,0.3571538146885966,0.3414529839258951,49,146931,False
51,0.3578875093736693,0.3578875093736693,0.0,0.0,0.27762819148165474,0.0,0.0,0.0,0.0,0.0,2881,2881,1835541,21312.510009288788,376.5061197374016,7.651934056236286,4875.195657590422,56.6060122054681,6116.8017578125,8688.0,0.34739089198895573,0.34739089198895573,0.0,0.0,0.2840773025142577,0.0,0.0,0.0,0.0,0.0,384,274276,3184.7999968528748,24.863441932946444,15.444362089351884,11031.296501091349,128.0916779519858,2377.5263671875,8688.0,0.3414529839258951,val_loss,0.34739089198895573,0.3414529839258951,49,149812,False
52,0.3546425533129878,0.3546425533129878,0.0,0.0,0.28208978768560616,0.0,0.0,0.0,0.0,0.0,2881,2881,1835541,21312.510023593903,376.1252969838679,7.659681555860804,4880.131739925822,56.663325212364015,6116.8017578125,8688.0,0.34528801425282535,0.34528801425282535,0.0,0.0,0.2841953146801946,0.0,0.0,0.0,0.0,0.0,384,274276,3184.7999968528748,24.013641268014908,15.990910987392436,11421.674744734499,132.6246178706303,2377.5263671875,8688.0,0.3414529839258951,val_loss,0.34528801425282535,0.3414529839258951,49,152693,False
53,0.35348061748503273,0.35348061748503273,0.0,0.0,0.28328108358460696,0.0,0.0,0.0,0.0,0.0,2881,2881,1835541,21312.51005268097,377.37100519426167,7.6343968146596985,4864.022340707143,56.47627867358223,6116.8017578125,8688.0,0.3492662769276649,0.3492662769276649,0.0,0.0,0.27656331357138697,0.0,0.0,0.0,0.0,0.0,384,274276,3184.7999968528748,23.79545584693551,16.137534933984185,11526.402425920433,133.84068022647392,2377.5263671875,8688.0,0.3414529839258951,val_loss,0.3492662769276649,0.3414529839258951,49,155574,False
54,0.3564350446815454,0.3564350446815454,0.0,0.0,0.2739081650089695,0.0,0.0,0.0,0.0,0.0,2881,2881,1835541,21312.5100440979,377.49958713911474,7.631796426146301,4862.365582729957,56.457041994707915,6116.8017578125,8688.0,0.3521584028252012,0.3521584028252012,0.0,0.0,0.2756393883619239,0.0,0.0,0.0,0.0,0.0,384,274276,3184.7999968528748,23.926174400374293,16.049368928531795,11463.428938130173,133.10945341947573,2377.5263671875,8688.0,0.3414529839258951,val_loss,0.3521584028252012,0.3414529839258951,49,158455,False
55,0.3564198442936171,0.3564198442936171,0.0,0.0,0.2763993123452739,0.0,0.0,0.0,0.0,0.0,2881,2881,1835541,21312.510026931763,376.77184498123825,7.646537389606334,4871.757336569039,56.56608982550976,6116.8017578125,8688.0,0.34261667015380226,0.34261667015380226,0.0,0.0,0.2816211214618913,0.0,0.0,0.0,0.0,0.0,384,274276,3184.7999968528748,23.69643644988537,16.204968236979685,11574.567365015208,134.39995518264018,2377.5263671875,8688.0,0.3414529839258951,val_loss,0.34261667015380226,0.3414529839258951,49,161336,False
56,0.35449093007519766,0.35449093007519766,0.0,0.0,0.2783605432498609,0.0,0.0,0.0,0.0,0.0,2881,2881,1835541,21312.510061264038,376.161612117663,7.658942080189793,4879.660605627786,56.65785496101474,6116.8017578125,8688.0,0.36250506314536324,0.36250506314536324,0.0,0.0,0.2535006403062046,0.0,0.0,0.0,0.0,0.0,384,274276,3184.7999968528748,23.760197438299656,16.16148186466754,11543.506770608214,134.03929008263273,2377.5263671875,8688.0,0.3414529839258951,val_loss,0.36250506314536324,0.3414529839258951,49,164217,False
57,0.35829693943013835,0.35829693943013835,0.0,0.0,0.274547589615064,0.0,0.0,0.0,0.0,0.0,2881,2881,1835541,21312.510047912598,378.31585512124,7.6153297859449145,4851.87436675568,56.335228247524846,6116.8017578125,8688.0,0.35856317980991054,0.35856317980991054,0.0,0.0,0.2546528689154002,0.0,0.0,0.0,0.0,0.0,384,274276,3184.7999968528748,23.861416706815362,16.092925441862842,11494.539631490554,133.47070025155813,2377.5263671875,8688.0,0.3414529839258951,val_loss,0.35856317980991054,0.3414529839258951,49,167098,False
58,0.3521843265903049,0.3521843265903049,0.0,0.0,0.2779966431753697,0.0,0.0,0.0,0.0,0.0,2881,2881,1835541,21312.51003551483,375.1717592738569,7.679149426321858,4892.53509793136,56.8073409276996,6116.8017578125,8688.0,0.344257637198704,0.344257637198704,0.0,0.0,0.2838901878209678,0.0,0.0,0.0,0.0,0.0,384,274276,3184.7999968528748,23.186379881575704,16.56144693398787,11829.185987673067,137.3565003730303,2377.5263671875,8688.0,0.3414529839258951,val_loss,0.344257637198704,0.3414529839258951,49,169979,False
59,0.3544794108417352,0.3544794108417352,0.0,0.0,0.274972074081315,0.0,0.0,0.0,0.0,0.0,2881,2881,1835541,21312.51002407074,376.1589804366231,7.658995663631121,4879.694744677935,56.65825125145873,6116.8017578125,8688.0,0.3475046024929422,0.3475046024929422,0.0,0.0,0.2731446702334021,0.0,0.0,0.0,0.0,0.0,384,274276,3184.7999968528748,23.96620512381196,16.022561687017834,11444.281586636727,132.88712086038902,2377.5263671875,8688.0,0.3414529839258951,val_loss,0.3475046024929422,0.3414529839258951,49,172860,False
60,0.35012359622670663,0.35012359622670663,0.0,0.0,0.28126579700388576,0.0,0.0,0.0,0.0,0.0,2881,2881,1835541,21312.51006436348,377.763117576018,7.626472426653063,4858.973559351332,56.41765718453105,6116.8017578125,8688.0,0.3589374699707453,0.3589374699707453,0.0,0.0,0.26739529330370715,0.0,0.0,0.0,0.0,0.0,384,274276,3184.7999968528748,23.439799312502146,16.382392821733117,11701.294722848104,135.87147033098486,2377.5263671875,8688.0,0.3414529839258951,val_loss,0.3589374699707453,0.3414529839258951,49,175741,False
61,0.3523011315230594,0.3523011315230594,0.0,0.0,0.274690103312099,0.0,0.0,0.0,0.0,0.0,2881,2881,1835541,21312.51005077362,376.7480244189501,7.647020855499643,4872.065362070347,56.56966638018453,6116.8017578125,8688.0,0.3483440138127965,0.3483440138127965,0.0,0.0,0.2683427721206802,0.0,0.0,0.0,0.0,0.0,384,274276,3184.7999968528748,23.813210485503078,16.12550312078962,11517.808578014829,133.74089137589013,2377.5263671875,8688.0,0.3414529839258951,val_loss,0.3483440138127965,0.3414529839258951,49,178622,False
62,0.35352350501631313,0.35352350501631313,0.0,0.0,0.27478423331546087,0.0,0.0,0.0,0.0,0.0,2881,2881,1835541,21312.5100274086,378.56943531520665,7.610228748660613,4848.6243969265015,56.29749271666176,6116.8017578125,8688.0,0.3480159392153534,0.3480159392153534,0.0,0.0,0.26507478717394406,0.0,0.0,0.0,0.0,0.0,384,274276,3184.7999968528748,24.424960780888796,15.721621968804106,11229.332258113842,130.39120207492033,2377.5263671875,8688.0,0.3414529839258951,val_loss,0.3480159392153534,0.3414529839258951,49,181503,False
63,0.34737846286562024,0.34737846286562024,0.0,0.0,0.2816313490711934,0.0,0.0,0.0,0.0,0.0,2881,2881,1835541,21312.510051250458,378.74164017289877,7.6067685578084285,4846.419842196543,56.27189564242558,6116.8017578125,8688.0,0.3399619681974097,0.3399619681974097,0.0,0.0,0.27981560067564715,0.0,0.0,0.0,0.0,0.0,384,274276,3184.7999968528748,23.842736104503274,16.105534126491143,11503.545515826783,133.5752735295908,2377.5263671875,8688.0,0.3399619681974097,val_loss,0.3399619681974097,0.3399619681974097,63,184384,True
64,0.35013782267863786,0.35013782267863786,0.0,0.0,0.27653684133356027,0.0,0.0,0.0,0.0,0.0,2881,2881,1835541,21312.510054588318,375.4522104524076,7.673413339419389,4888.880525668588,56.76490765338002,6116.8017578125,8688.0,0.3413849907083204,0.3413849907083204,0.0,0.0,0.27812223343668546,0.0,0.0,0.0,0.0,0.0,384,274276,3184.7999968528748,23.525116415694356,16.32297979804348,11658.858351792118,135.37871356624586,2377.5263671875,8688.0,0.3399619681974097,val_loss,0.3413849907083204,0.3399619681974097,63,187265,False
65,0.3502875392665296,0.3502875392665296,0.0,0.0,0.27499729592503586,0.0,0.0,0.0,0.0,0.0,2881,2881,1835541,21312.510041713715,376.15176610276103,7.659142557934817,4879.788333889008,56.659337964908936,6116.8017578125,8688.0,0.3489567355039374,0.3489567355039374,0.0,0.0,0.25872263578700466,0.0,0.0,0.0,0.0,0.0,384,274276,3184.7999968528748,24.532765720039606,15.652536056557592,11179.986925646848,129.818220790792,2377.5263671875,8688.0,0.3399619681974097,val_loss,0.3489567355039374,0.3399619681974097,63,190146,False
66,0.35003552909912033,0.35003552909912033,0.0,0.0,0.2741384590586892,0.0,0.0,0.0,0.0,0.0,2881,2881,1835541,21312.510043621063,376.8543109949678,7.644864118427108,4870.691263034299,56.55371166473309,6116.8017578125,8688.0,0.3484881663152919,0.3484881663152919,0.0,0.0,0.2650932380505158,0.0,0.0,0.0,0.0,0.0,384,274276,3184.7999968528748,23.645057890564203,16.240180158460895,11599.717846724012,134.6919940561364,2377.5263671875,8688.0,0.3399619681974097,val_loss,0.3484881663152919,0.3399619681974097,63,193027,False
67,0.34524010464223215,0.34524010464223215,0.0,0.0,0.2784817590416936,0.0,0.0,0.0,0.0,0.0,2881,2881,1835541,21312.51003885269,376.32674183137715,7.655581386482776,4877.519442459557,56.6329938051607,6116.8017578125,8688.0,0.3456163298105821,0.3456163298105821,0.0,0.0,0.27468044588871027,0.0,0.0,0.0,0.0,0.0,384,274276,3184.7999968528748,24.069547215476632,15.953769157447606,11395.145805802342,132.31657281882974,2377.5263671875,8688.0,0.3399619681974097,val_loss,0.3456163298105821,0.3399619681974097,63,195908,False
68,0.3479504623938144,0.3479504623938144,0.0,0.0,0.27745533450669874,0.0,0.0,0.0,0.0,0.0,2881,2881,1835541,21312.5100440979,376.7901328802109,7.6461662570020845,4871.520880785791,56.56334437736875,6116.8017578125,8688.0,0.3377081241148214,0.3377081241148214,0.0,0.0,0.2765542569698785,0.0,0.0,0.0,0.0,0.0,384,274276,3184.7999968528748,22.886369908228517,16.778545550901782,11984.250936247752,139.15706202528077,2377.5263671875,8688.0,0.3377081241148214,val_loss,0.3377081241148214,0.3377081241148214,68,198789,True
69,0.3499373126356723,0.3499373126356723,0.0,0.0,0.2731379179563761,0.0,0.0,0.0,0.0,0.0,2881,2881,1835541,21312.51005935669,375.7859287839383,7.666598931266686,4884.538934014642,56.71449734247639,6116.8017578125,8688.0,0.3448980927253918,0.3448980927253918,0.0,0.0,0.26764311050040607,0.0,0.0,0.0,0.0,0.0,384,274276,3184.7999968528748,23.41427198983729,16.40025366437492,11714.052015755457,136.01960369449893,2377.5263671875,8688.0,0.3377081241148214,val_loss,0.3448980927253918,0.3377081241148214,68,201670,False
70,0.3478301305211343,0.3478301305211343,0.0,0.0,0.2774274795095856,0.0,0.0,0.0,0.0,0.0,2881,2881,1835541,21312.51003885269,376.6751377079636,7.648500555493633,4873.008107647115,56.58061258977037,6116.8017578125,8688.0,0.3511284101308168,0.3511284101308168,0.0,0.0,0.26739795173944003,0.0,0.0,0.0,0.0,0.0,384,274276,3184.7999968528748,23.547450464218855,16.307497942654173,11647.800275310978,135.25031092823767,2377.5263671875,8688.0,0.3377081241148214,val_loss,0.3511284101308168,0.3377081241148214,68,204551,False
71,0.3447139959226995,0.3447139959226995,0.0,0.0,0.27591108609656345,0.0,0.0,0.0,0.0,0.0,2881,2881,1835541,21312.510038375854,375.5538395829499,7.671336826696625,4887.55753912237,56.74954638206671,6116.8017578125,8688.0,0.3367404579767026,0.3367404579767026,0.0,0.0,0.2806121134114316,0.0,0.0,0.0,0.0,0.0,384,274276,3184.7999968528748,23.854963125661016,16.097279127081418,11497.649296508811,133.50680862830404,2377.5263671875,8688.0,0.3367404579767026,val_loss,0.3367404579767026,0.3367404579767026,71,207432,True
72,0.3512938178420139,0.3512938178420139,0.0,0.0,0.26648590834365227,0.0,0.0,0.0,0.0,0.0,2881,2881,1835541,21312.510024547577,375.7516613509506,7.667298102267489,4884.984389425259,56.71966944316921,6116.8017578125,8688.0,0.3474849614916214,0.3474849614916214,0.0,0.0,0.2669164385888507,0.0,0.0,0.0,0.0,0.0,384,274276,3184.7999968528748,23.37206611968577,16.42986965865912,11735.205548172888,136.2652313468508,2377.5263671875,8688.0,0.3367404579767026,val_loss,0.3474849614916214,0.3367404579767026,71,210313,False
73,0.3440986736134504,0.3440986736134504,0.0,0.0,0.27599413823541635,0.0,0.0,0.0,0.0,0.0,2881,2881,1835541,21312.51002550125,377.2671658117324,7.636498113482012,4865.361118958308,56.4918231875414,6116.8017578125,8688.0,0.3338961513994339,0.3338961513994339,0.0,0.0,0.28552618383279577,0.0,0.0,0.0,0.0,0.0,384,274276,3184.7999968528748,24.241082852706313,15.840876512541172,11314.511058212871,131.38026944606224,2377.5263671875,8688.0,0.3338961513994339,val_loss,0.3338961513994339,0.3338961513994339,73,213194,True
74,0.34503900764800327,0.34503900764800327,0.0,0.0,0.2896704420061696,0.0,0.0,0.0,0.0,0.0,2881,2881,1835541,21312.510006427765,380.8990097399801,7.563684667929981,4818.970259998912,55.9531777753287,6116.8017578125,8688.0,0.3374327301329079,0.3374327301329079,0.0,0.0,0.27510165327536623,0.0,0.0,0.0,0.0,0.0,384,274276,3184.7999968528748,26.532378152012825,14.472882822637917,10337.407315265202,120.03447179163871,2377.5263671875,8688.0,0.3338961513994339,val_loss,0.3374327301329079,0.3338961513994339,73,216075,False
75,0.34805557281470667,0.34805557281470667,0.0,0.0,0.266095326636583,0.0,0.0,0.0,0.0,0.0,2881,2881,1835541,21312.510023117065,415.1786751560867,6.939181062025612,4421.086895443093,51.33334464999825,6116.8017578125,8688.0,0.32905802269427414,0.32905802269427414,0.0,0.0,0.28208026971090777,0.0,0.0,0.0,0.0,0.0,384,274276,3184.7999968528748,26.82882358878851,14.31296451479407,10223.183998072027,118.70814932726942,2377.5263671875,8688.0,0.32905802269427414,val_loss,0.32905802269427414,0.32905802269427414,75,218956,True
76,0.34739337340711707,0.34739337340711707,0.0,0.0,0.2737451471439739,0.0,0.0,0.0,0.0,0.0,2881,2881,1835541,21312.510048866272,412.263761729002,6.988244583800698,4452.346217144783,51.696297437066185,6116.8017578125,8688.0,0.34237412932755734,0.34237412932755734,0.0,0.0,0.2727928303374938,0.0,0.0,0.0,0.0,0.0,384,274276,3184.7999968528748,26.303736647590995,14.598686306235061,10427.263763877416,121.07785443269148,2377.5263671875,8688.0,0.32905802269427414,val_loss,0.34237412932755734,0.32905802269427414,75,221837,False
77,0.34419737196488953,0.34419737196488953,0.0,0.0,0.27387938955304153,0.0,0.0,0.0,0.0,0.0,2881,2881,1835541,21312.51002931595,379.30243563838303,7.595522014381868,4839.254451162968,56.1886980594945,6116.8017578125,8688.0,0.34633602783772705,0.34633602783772705,0.0,0.0,0.263660059911975,0.0,0.0,0.0,0.0,0.0,384,274276,3184.7999968528748,23.78489676490426,16.144699041393785,11531.51946426386,133.9000975422436,2377.5263671875,8688.0,0.32905802269427414,val_loss,0.34633602783772705,0.32905802269427414,75,224718,False
78,0.3475524611093546,0.3475524611093546,0.0,0.0,0.27048061189902944,0.0,0.0,0.0,0.0,0.0,2881,2881,1835541,21312.510056972504,376.8189849741757,7.6455808090387,4871.147880528881,56.55901349671408,6116.8017578125,8688.0,0.3513957121079632,0.3513957121079632,0.0,0.0,0.25868269313286874,0.0,0.0,0.0,0.0,0.0,384,274276,3184.7999968528748,23.88032784871757,16.0801812451089,11485.436956207,133.36500306983456,2377.5263671875,8688.0,0.32905802269427414,val_loss,0.3513957121079632,0.32905802269427414,75,227599,False
79,0.34874400502010655,0.34874400502010655,0.0,0.0,0.26727929360843244,0.0,0.0,0.0,0.0,0.0,2881,2881,1835541,21312.510071754456,380.84828155115247,7.564692134794488,4819.612136686154,55.96063079226978,6116.8017578125,8688.0,0.3352513291077533,0.3352513291077533,0.0,0.0,0.27991010388056264,0.0,0.0,0.0,0.0,0.0,384,274276,3184.7999968528748,24.42396453022957,15.72226325192713,11229.790301264493,130.39652071681664,2377.5263671875,8688.0,0.32905802269427414,val_loss,0.3352513291077533,0.32905802269427414,75,230480,False
80,0.34725399119847356,0.34725399119847356,0.0,0.0,0.2717757197421016,0.0,0.0,0.0,0.0,0.0,2881,2881,1835541,21312.510035037994,376.4737745448947,7.652591481259844,4875.614515828939,56.61087564678816,6116.8017578125,8688.0,0.3448915342911884,0.3448915342911884,0.0,0.0,0.2591603316323017,0.0,0.0,0.0,0.0,0.0,384,274276,3184.7999968528748,23.819156469777226,16.12147770586401,11514.933383472804,133.7075055908838,2377.5263671875,8688.0,0.32905802269427414,val_loss,0.3448915342911884,0.32905802269427414,75,233361,False
81,0.3418151943663802,0.3418151943663802,0.0,0.0,0.2754111018645471,0.0,0.0,0.0,0.0,0.0,2881,2881,1835541,21312.510031223297,376.6369891650975,7.649275251446756,4873.501681470264,56.58634346686813,6116.8017578125,8688.0,0.33556783107148175,0.33556783107148175,0.0,0.0,0.27499206996738695,0.0,0.0,0.0,0.0,0.0,384,274276,3184.7999968528748,23.52945212647319,16.319972005126218,11656.710004369788,135.35376768376298,2377.5263671875,8688.0,0.32905802269427414,val_loss,0.33556783107148175,0.32905802269427414,75,236242,False
82,0.3425937484027233,0.3425937484027233,0.0,0.0,0.2731907002571521,0.0,0.0,0.0,0.0,0.0,2881,2881,1835541,21312.510051727295,376.9419600944966,7.6430864828042875,4869.558696887561,56.540561433872746,6116.8017578125,8688.0,0.33571066337268957,0.33571066337268957,0.0,0.0,0.28308131180983764,0.0,0.0,0.0,0.0,0.0,384,274276,3184.7999968528748,24.182116623967886,15.87950326975935,11342.100621918009,131.70063011342395,2377.5263671875,8688.0,0.32905802269427414,val_loss,0.33571066337268957,0.32905802269427414,75,239123,False
83,0.34272072614917026,0.34272072614917026,0.0,0.0,0.2722747258117315,0.0,0.0,0.0,0.0,0.0,2881,2881,1835541,21312.51003932953,375.1575871799141,7.67943951675529,4892.71992017512,56.80948691331864,6116.8017578125,8688.0,0.3369671041436959,0.3369671041436959,0.0,0.0,0.26720291619919107,0.0,0.0,0.0,0.0,0.0,384,274276,3184.7999968528748,23.11935249902308,16.609461705998303,11863.481038735392,137.75472288799827,2377.5263671875,8688.0,0.32905802269427414,val_loss,0.3369671041436959,0.32905802269427414,75,242004,False
84,0.3437873497353178,0.3437873497353178,0.0,0.0,0.2706594000623734,0.0,0.0,0.0,0.0,0.0,2881,2881,1835541,21312.510015964508,376.5581502392888,7.650876758793379,4874.52203287482,56.598190750674746,6116.8017578125,8688.0,0.3293003184468641,0.3293003184468641,0.0,0.0,0.28384231212870265,0.0,0.0,0.0,0.0,0.0,384,274276,3184.7999968528748,23.466725759208202,16.363595157680688,11687.868295489658,135.7155672049041,2377.5263671875,8688.0,0.32905802269427414,val_loss,0.3293003184468641,0.32905802269427414,75,244885,False
85,0.3436790687443882,0.3436790687443882,0.0,0.0,0.2687577487781165,0.0,0.0,0.0,0.0,0.0,2881,2881,1835541,21312.510033607483,375.5928514637053,7.670540024317795,4887.049880866473,56.74365193733453,6116.8017578125,8688.0,0.33829652128042653,0.33829652128042653,0.0,0.0,0.26255098448352027,0.0,0.0,0.0,0.0,0.0,384,274276,3184.7999968528748,23.62168369628489,16.256250186788918,11611.196031853431,134.82527485345025,2377.5263671875,8688.0,0.32905802269427414,val_loss,0.33829652128042653,0.32905802269427414,75,247766,False
86,0.34171276232964726,0.34171276232964726,0.0,0.0,0.2763262940055915,0.0,0.0,0.0,0.0,0.0,2881,2881,1835541,21312.510012626648,376.2879041470587,7.656371539580671,4878.022864329554,56.63883897872362,6116.8017578125,8688.0,0.35065636229652836,0.35065636229652836,0.0,0.0,0.25336115183684643,0.0,0.0,0.0,0.0,0.0,384,274276,3184.7999968528748,24.081384925171733,15.945926747701847,11389.544282949666,132.25152983306515,2377.5263671875,8688.0,0.32905802269427414,val_loss,0.35065636229652836,0.32905802269427414,75,250647,False
87,0.3452216324482743,0.3452216324482743,0.0,0.0,0.2695526332939215,0.0,0.0,0.0,0.0,0.0,2881,2881,1835541,21312.510047912598,376.6097487285733,7.649828528672441,4873.854185125978,56.5904364394793,6116.8017578125,8688.0,0.3337655272237801,0.3337655272237801,0.0,0.0,0.2807857434630326,0.0,0.0,0.0,0.0,0.0,384,274276,3184.7999968528748,24.208724843338132,15.86204983884853,11329.634327083384,131.55587572095035,2377.5263671875,8688.0,0.32905802269427414,val_loss,0.3337655272237801,0.32905802269427414,75,253528,False
88,0.34524235692998884,0.34524235692998884,0.0,0.0,0.26481440343702695,0.0,0.0,0.0,0.0,0.0,2881,2881,1835541,21312.5100440979,375.59929657913744,7.6704084012920495,4886.966021282891,56.7426782696528,6116.8017578125,8688.0,0.3450433045460765,0.3450433045460765,0.0,0.0,0.2506454736279314,0.0,0.0,0.0,0.0,0.0,384,274276,3184.7999968528748,23.299738621339202,16.48087157717346,11771.63419974174,136.6882285081111,2377.5263671875,8688.0,0.32905802269427414,val_loss,0.3450433045460765,0.32905802269427414,75,256409,False
89,0.340454614713157,0.340454614713157,0.0,0.0,0.2710685204357411,0.0,0.0,0.0,0.0,0.0,2881,2881,1835541,21312.510048866272,377.32282674498856,7.635371612296086,4864.643403195269,56.48348983474092,6116.8017578125,8688.0,0.34897484551765956,0.34897484551765956,0.0,0.0,0.25066286413281585,0.0,0.0,0.0,0.0,0.0,384,274276,3184.7999968528748,23.838888209313154,16.108133761455473,11505.402332179587,133.5968342520549,2377.5263671875,8688.0,0.32905802269427414,val_loss,0.34897484551765956,0.32905802269427414,75,259290,False
90,0.3423117495250863,0.3423117495250863,0.0,0.0,0.26781136140184325,0.0,0.0,0.0,0.0,0.0,2881,2881,1835541,21312.510038375854,373.883361807093,7.705611680806664,4909.394713710359,57.003098333571074,6116.8017578125,8688.0,0.3324504279686759,0.3324504279686759,0.0,0.0,0.27862431476266164,0.0,0.0,0.0,0.0,0.0,384,274276,3184.7999968528748,23.588291343301535,16.27926306366595,11627.633218880319,135.01613790086054,2377.5263671875,8688.0,0.32905802269427414,val_loss,0.3324504279686759,0.32905802269427414,75,262171,False
91,0.3421758696164047,0.3421758696164047,0.0,0.0,0.2718118096865291,0.0,0.0,0.0,0.0,0.0,2881,2881,1835541,21312.510058879852,376.17647067271173,7.658639560438066,4879.467864424175,56.65561703199287,6116.8017578125,8688.0,0.340788733776814,0.340788733776814,0.0,0.0,0.2649362966861493,0.0,0.0,0.0,0.0,0.0,384,274276,3184.7999968528748,23.779633289203048,16.1482725713164,11534.071895235358,133.92973550601,2377.5263671875,8688.0,0.32905802269427414,val_loss,0.340788733776814,0.32905802269427414,75,265052,False
92,0.3412255370715961,0.3412255370715961,0.0,0.0,0.27040056933691553,0.0,0.0,0.0,0.0,0.0,2881,2881,1835541,21312.51002931595,375.7491826917976,7.667348680204835,4885.0166136105045,56.72004361163761,6116.8017578125,8688.0,0.34190431887206313,0.34190431887206313,0.0,0.0,0.25392824139271397,0.0,0.0,0.0,0.0,0.0,384,274276,3184.7999968528748,24.227624064311385,15.84967634385796,11320.796429395796,131.45325304697374,2377.5263671875,8688.0,0.32905802269427414,val_loss,0.34190431887206313,0.32905802269427414,75,267933,False
93,0.34028758211090454,0.34028758211090454,0.0,0.0,0.27156192773719684,0.0,0.0,0.0,0.0,0.0,2881,2881,1835541,21312.51002407074,375.38952945545316,7.674694614362928,4889.696850795676,56.77438594248234,6116.8017578125,8688.0,0.3351385368247672,0.3351385368247672,0.0,0.0,0.26665260387714323,0.0,0.0,0.0,0.0,0.0,384,274276,3184.7999968528748,23.331672625616193,16.458314247834963,11755.522392289538,136.50114365809483,2377.5263671875,8688.0,0.32905802269427414,val_loss,0.3351385368247672,0.32905802269427414,75,270814,False
94,0.3390482014080032,0.3390482014080032,0.0,0.0,0.26666613406392126,0.0,0.0,0.0,0.0,0.0,2881,2881,1835541,21312.510027885437,376.23735256679356,7.657400256367515,4878.678279754628,56.64644906329926,6116.8017578125,8688.0,0.3363336655990376,0.3363336655990376,0.0,0.0,0.26820089688771986,0.0,0.0,0.0,0.0,0.0,384,274276,3184.7999968528748,23.757635932415724,16.16322436678379,11544.75137089581,134.05374195954514,2377.5263671875,8688.0,0.32905802269427414,val_loss,0.3363336655990376,0.32905802269427414,75,273695,False
95,0.3384150458174586,0.3384150458174586,0.0,0.0,0.27188026692376577,0.0,0.0,0.0,0.0,0.0,2881,2881,1835541,21312.510026454926,375.7743765320629,7.666834621849686,4884.689097058173,56.71624080157695,6116.8017578125,8688.0,0.3381279948710774,0.3381279948710774,0.0,0.0,0.25644826926600217,0.0,0.0,0.0,0.0,0.0,384,274276,3184.7999968528748,23.304557224735618,16.477463883863013,11769.200219297947,136.65996595174553,2377.5263671875,8688.0,0.32905802269427414,val_loss,0.3381279948710774,0.32905802269427414,75,276576,False
96,0.3401668400368571,0.3401668400368571,0.0,0.0,0.26488517178509435,0.0,0.0,0.0,0.0,0.0,2881,2881,1835541,21312.5100107193,379.57318963482976,7.590104039675932,4835.802554352933,56.1486179548748,6116.8017578125,8688.0,0.3203459235082846,0.3203459235082846,0.0,0.0,0.2911602894249275,0.0,0.0,0.0,0.0,0.0,384,274276,3184.7999968528748,24.465535279363394,15.695548681655163,11210.709141170968,130.17495674984247,2377.5263671875,8688.0,0.3203459235082846,val_loss,0.3203459235082846,0.3203459235082846,96,279457,True
97,0.3362227500267152,0.3362227500267152,0.0,0.0,0.2727178626251965,0.0,0.0,0.0,0.0,0.0,2881,2881,1835541,21312.510037899017,378.0299610476941,7.62108905869638,4855.5437111727215,56.377833066014915,6116.8017578125,8688.0,0.33622977864191245,0.33622977864191245,0.0,0.0,0.2695688455966471,0.0,0.0,0.0,0.0,0.0,384,274276,3184.7999968528748,22.88576746545732,16.778987227742796,11984.566408532248,139.1607251825773,2377.5263671875,8688.0,0.3203459235082846,val_loss,0.33622977864191245,0.3203459235082846,96,282338,False
98,0.33923598554687484,0.33923598554687484,0.0,0.0,0.2793292923527309,0.0,0.0,0.0,0.0,0.0,2881,2881,1835541,21312.510043621063,374.8192650023848,7.686371190076555,4897.136223743252,56.86076473013057,6116.8017578125,8688.0,0.3359973482438363,0.3359973482438363,0.0,0.0,0.2621271749652199,0.0,0.0,0.0,0.0,0.0,384,274276,3184.7999968528748,23.51905125565827,16.327189214642168,11661.86497144582,135.41362541512672,2377.5263671875,8688.0,0.3203459235082846,val_loss,0.3359973482438363,0.3203459235082846,96,285219,False
99,0.3406604016702383,0.3406604016702383,0.0,0.0,0.2662789359174689,0.0,0.0,0.0,0.0,0.0,2881,2881,1835541,21312.510045528412,376.1091054212302,7.66001130648877,4880.341830449047,56.66576463672445,6116.8017578125,8688.0,0.33586531745580334,0.33586531745580334,0.0,0.0,0.26536990652736375,0.0,0.0,0.0,0.0,0.0,384,274276,3184.7999968528748,23.810062946751714,16.127634809650395,11519.331158988729,133.7585710703617,2377.5263671875,8688.0,0.3203459235082846,val_loss,0.33586531745580334,0.3203459235082846,96,288100,False
100,0.333075396544376,0.333075396544376,0.0,0.0,0.2746512984602555,0.0,0.0,0.0,0.0,0.0,2881,2881,1835541,21312.510021209717,375.5176658052951,7.672075809860276,4888.0283596344125,56.75501304447337,6116.8017578125,8688.0,0.33038239089849714,0.33038239089849714,0.0,0.0,0.2722847538534552,0.0,0.0,0.0,0.0,0.0,384,274276,3184.7999968528748,24.244632497429848,15.838557257599492,11312.85450621187,131.36103412540868,2377.5263671875,8688.0,0.3203459235082846,val_loss,0.33038239089849714,0.3203459235082846,96,290981,False
101,0.3396055521194573,0.3396055521194573,0.0,0.0,0.26836616484265186,0.0,0.0,0.0,0.0,0.0,2881,2881,1835541,21312.510056972504,375.53556930832565,7.671710046817469,4887.795324902945,56.75230736791889,6116.8017578125,8688.0,0.3381991766897651,0.3381991766897651,0.0,0.0,0.24519952250739152,0.0,0.0,0.0,0.0,0.0,384,274276,3184.7999968528748,23.386819172650576,16.41950524204095,11727.80265564069,136.17927146660884,2377.5263671875,8688.0,0.3203459235082846,val_loss,0.3381991766897651,0.3203459235082846,96,293862,False
102,0.336865427412147,0.336865427412147,0.0,0.0,0.27773341940552987,0.0,0.0,0.0,0.0,0.0,2881,2881,1835541,21312.510038375854,375.93474228680134,7.6635641134813755,4882.605392719097,56.69204689285275,6116.8017578125,8688.0,0.3339722689561313,0.3339722689561313,0.0,0.0,0.26376538108646247,0.0,0.0,0.0,0.0,0.0,384,274276,3184.7999968528748,23.551157355308533,16.304931184770194,11645.966941755285,135.22902288005847,2377.5263671875,8688.0,0.3203459235082846,val_loss,0.3339722689561313,0.3203459235082846,96,296743,False
103,0.3430490780813139,0.3430490780813139,0.0,0.0,0.2561454733944227,0.0,0.0,0.0,0.0,0.0,2881,2881,1835541,21312.51005268097,374.62602607905865,7.690335960246426,4899.662255746854,56.89009457176186,6116.8017578125,8688.0,0.33224426993789774,0.33224426993789774,0.0,0.0,0.26326487062306114,0.0,0.0,0.0,0.0,0.0,384,274276,3184.7999968528748,23.77013234421611,16.154727051548672,11538.682074975426,133.9832673513835,2377.5263671875,8688.0,0.3203459235082846,val_loss,0.33224426993789774,0.3203459235082846,96,299624,False
104,0.33857933959155284,0.33857933959155284,0.0,0.0,0.26513215119197914,0.0,0.0,0.0,0.0,0.0,2881,2881,1835541,21312.510049819946,374.72746599279344,7.688254161907112,4898.3359016317745,56.8746942350626,6116.8017578125,8688.0,0.3212814717941607,0.3212814717941607,0.0,0.0,0.27640079228876857,0.0,0.0,0.0,0.0,0.0,384,274276,3184.7999968528748,23.156050082296133,16.583139120673508,11844.67985797356,137.5364099461765,2377.5263671875,8688.0,0.3203459235082846,val_loss,0.3212814717941607,0.3203459235082846,96,302505,False
105,0.3372835322221465,0.3372835322221465,0.0,0.0,0.2659079978603036,0.0,0.0,0.0,0.0,0.0,2881,2881,1835541,21312.510053634644,374.2642625682056,7.6977694323004435,4904.398265024015,56.945084490268876,6116.8017578125,8688.0,0.3182149204270293,0.3182149204270293,0.0,0.0,0.28391309435513296,0.0,0.0,0.0,0.0,0.0,384,274276,3184.7999968528748,24.714540706947446,15.537411945189605,11097.758329892771,128.86341019307727,2377.5263671875,8688.0,0.3182149204270293,val_loss,0.3182149204270293,0.3182149204270293,105,305386,True
106,0.33452316239496893,0.33452316239496893,0.0,0.0,0.26431462405993306,0.0,0.0,0.0,0.0,0.0,2881,2881,1835541,21312.51004934311,376.110229883343,7.659988405243833,4880.327239621545,56.66559523242308,6116.8017578125,8688.0,0.3347786865827705,0.3347786865827705,0.0,0.0,0.26553569600309856,0.0,0.0,0.0,0.0,0.0,384,274276,3184.7999968528748,23.53250895254314,16.317852073248716,11655.195820943658,135.3361854987713,2377.5263671875,8688.0,0.3182149204270293,val_loss,0.3347786865827705,0.3182149204270293,105,308267,False
107,0.33689039747862043,0.33689039747862043,0.0,0.0,0.2641817824788171,0.0,0.0,0.0,0.0,0.0,2881,2881,1835541,21312.510044574738,375.851894415915,7.66525336922183,4883.681650327944,56.70454336194051,6116.8017578125,8688.0,0.32313113604323007,0.32313113604323007,0.0,0.0,0.27597007044581306,0.0,0.0,0.0,0.0,0.0,384,274276,3184.7999968528748,23.90661009401083,16.062503152473344,11472.810194395257,133.2183853891833,2377.5263671875,8688.0,0.3182149204270293,val_loss,0.32313113604323007,0.3182149204270293,105,311148,False
108,0.3384742451620284,0.3384742451620284,0.0,0.0,0.26233862947369707,0.0,0.0,0.0,0.0,0.0,2881,2881,1835541,21312.510053873062,375.815946592018,7.665986571686338,4884.148787844399,56.70996733145469,6116.8017578125,8688.0,0.32974011532981723,0.32974011532981723,0.0,0.0,0.2599889281073047,0.0,0.0,0.0,0.0,0.0,384,274276,3184.7999968528748,23.882180681452155,16.078933708856393,11484.54589044348,133.35465631605058,2377.5263671875,8688.0,0.3182149204270293,val_loss,0.32974011532981723,0.3182149204270293,105,314029,False
109,0.33698071117736905,0.33698071117736905,0.0,0.0,0.274980730079129,0.0,0.0,0.0,0.0,0.0,2881,2881,1835541,21312.51003551483,375.92544460482895,7.663753654739954,4882.726153132603,56.6934490372644,6116.8017578125,8688.0,0.3301517402093547,0.3301517402093547,0.0,0.0,0.26593924623860704,0.0,0.0,0.0,0.0,0.0,384,274276,3184.7999968528748,23.31059267371893,16.47319763057476,11766.153003446674,136.62458271357104,2377.5263671875,8688.0,0.3182149204270293,val_loss,0.3301517402093547,0.3182149204270293,105,316910,False
110,0.3328569400819592,0.3328569400819592,0.0,0.0,0.2711501706721544,0.0,0.0,0.0,0.0,0.0,2881,2881,1835541,21312.51004743576,375.1409202590585,7.679780702170501,4892.937296023167,56.81201089104896,6116.8017578125,8688.0,0.3378347853237453,0.3378347853237453,0.0,0.0,0.2626571303711292,0.0,0.0,0.0,0.0,0.0,384,274276,3184.7999968528748,24.21354758925736,15.858890506832067,11327.377741280916,131.52967301106472,2377.5263671875,8688.0,0.3182149204270293,val_loss,0.3378347853237453,0.3182149204270293,105,319791,False
111,0.32892835707911566,0.32892835707911566,0.0,0.0,0.2753291047480945,0.0,0.0,0.0,0.0,0.0,2881,2881,1835541,21312.50998687744,376.34090968593955,7.655293181929716,4877.335821746773,56.63086164260738,6116.8017578125,8688.0,0.33534865620701265,0.33534865620701265,0.0,0.0,0.2561011239962075,0.0,0.0,0.0,0.0,0.0,384,274276,3184.7999968528748,24.148752998560667,15.901442199640183,11357.770731115914,131.8825861129433,2377.5263671875,8688.0,0.3182149204270293,val_loss,0.33534865620701265,0.3182149204270293,105,322672,False
112,0.33797053997936644,0.33797053997936644,0.0,0.0,0.26132442788710686,0.0,0.0,0.0,0.0,0.0,2881,2881,1835541,21312.510033607483,374.9803034067154,7.683070214157827,4895.033107936644,56.836345375963035,6116.8017578125,8688.0,0.3362918845959939,0.3362918845959939,0.0,0.0,0.2538632223847041,0.0,0.0,0.0,0.0,0.0,384,274276,3184.7999968528748,23.87089690566063,16.086534222722904,11489.974636644654,133.41769307786868,2377.5263671875,8688.0,0.3182149204270293,val_loss,0.3362918845959939,0.3182149204270293,105,325553,False
113,0.338437906307702,0.338437906307702,0.0,0.0,0.25805914957100234,0.0,0.0,0.0,0.0,0.0,2881,2881,1835541,21312.51006269455,379.6149518825114,7.589269036198692,4835.270557436023,56.14244106299229,6116.8017578125,8688.0,0.3367816083724999,0.3367816083724999,0.0,0.0,0.2553731534117105,0.0,0.0,0.0,0.0,0.0,384,274276,3184.7999968528748,24.792337158694863,15.488656738653953,11062.934415757947,128.4590466992718,2377.5263671875,8688.0,0.3182149204270293,val_loss,0.3367816083724999,0.3182149204270293,105,328434,False
114,0.3339981268263813,0.3339981268263813,0.0,0.0,0.2658338430302857,0.0,0.0,0.0,0.0,0.0,2881,2881,1835541,21312.510036468506,376.1158648841083,7.659873642627959,4880.254122132234,56.66474622929155,6116.8017578125,8688.0,0.3237328864537024,0.3237328864537024,0.0,0.0,0.27253192321738123,0.0,0.0,0.0,0.0,0.0,384,274276,3184.7999968528748,23.78948036581278,16.141588386765946,11529.297646793271,133.87429855044942,2377.5263671875,8688.0,0.3182149204270293,val_loss,0.3237328864537024,0.3182149204270293,105,331315,False
115,0.3362054579937491,0.3362054579937491,0.0,0.0,0.2608124544336184,0.0,0.0,0.0,0.0,0.0,2881,2881,1835541,21312.5100274086,374.45169932581484,7.6939162118562265,4901.943303515026,56.91657980396648,6116.8017578125,8688.0,0.33337256318191066,0.33337256318191066,0.0,0.0,0.3412429896046281,0.0,0.0,0.0,0.0,0.0,384,274276,3184.7999968528748,23.356680875644088,16.440692153328516,11742.935627724824,136.35499041192642,2377.5263671875,8688.0,0.3182149204270293,val_loss,0.33337256318191066,0.3182149204270293,105,334196,False
116,0.3344988960648943,0.3344988960648943,0.0,0.0,0.26603424424226035,0.0,0.0,0.0,0.0,0.0,2881,2881,1835541,21312.510072231293,375.3229412250221,7.676056226663528,4890.564360411731,56.78445874549815,6116.8017578125,8688.0,0.31736169912134454,0.31736169912134454,0.0,0.0,0.28000066168503207,0.0,0.0,0.0,0.0,0.0,384,274276,3184.7999968528748,23.834251509979367,16.111267427014425,11507.64058544742,133.62282409075877,2377.5263671875,8688.0,0.31736169912134454,val_loss,0.31736169912134454,0.31736169912134454,116,337077,True
117,0.3346947768401821,0.3346947768401821,0.0,0.0,0.2629474873313663,0.0,0.0,0.0,0.0,0.0,2881,2881,1835541,21312.51003742218,375.7022098004818,7.668307305219117,4885.62737220729,56.727135165748095,6116.8017578125,8688.0,0.32011925768165383,0.32011925768165383,0.0,0.0,0.2706773223011017,0.0,0.0,0.0,0.0,0.0,384,274276,3184.7999968528748,24.23941532149911,15.84196627298233,11315.289430959638,131.38930764671215,2377.5263671875,8688.0,0.31736169912134454,val_loss,0.32011925768165383,0.31736169912134454,116,339958,False
118,0.33077327640263604,0.33077327640263604,0.0,0.0,0.2664525223355168,0.0,0.0,0.0,0.0,0.0,2881,2881,1835541,21312.510046482086,375.5914786532521,7.67056806062353,4887.067743340845,56.74385937322582,6116.8017578125,8688.0,0.32919746953605983,0.32919746953605983,0.0,0.0,0.2590783987749698,0.0,0.0,0.0,0.0,0.0,384,274276,3184.7999968528748,23.205140374600887,16.54805762003948,11819.622530713406,137.24545275058054,2377.5263671875,8688.0,0.31736169912134454,val_loss,0.32919746953605983,0.31736169912134454,116,342839,False
119,0.3363831791230237,0.3363831791230237,0.0,0.0,0.25771934271138547,0.0,0.0,0.0,0.0,0.0,2881,2881,1835541,21312.510053157806,376.29257959499955,7.656276408907121,4877.962254731616,56.63813534695868,6116.8017578125,8688.0,0.3191584186909798,0.3191584186909798,0.0,0.0,0.26280266381157463,0.0,0.0,0.0,0.0,0.0,384,274276,3184.7999968528748,24.009987574070692,15.993344387012359,11423.412825760943,132.64479987870808,2377.5263671875,8688.0,0.31736169912134454,val_loss,0.3191584186909798,0.31736169912134454,116,345720,False
120,0.3336919924058085,0.3336919924058085,0.0,0.0,0.2624205863418049,0.0,0.0,0.0,0.0,0.0,2881,2881,1835541,21312.510023117065,374.88389669917524,7.685046024561178,4896.291935081239,56.85096161977649,6116.8017578125,8688.0,0.32585237087672186,0.32585237087672186,0.0,0.0,0.2538068291444991,0.0,0.0,0.0,0.0,0.0,384,274276,3184.7999968528748,23.120519008487463,16.608623701701287,11862.882485437036,137.74777268986676,2377.5263671875,8688.0,0.31736169912134454,val_loss,0.32585237087672186,0.31736169912134454,116,348601,False
121,0.33282793266326965,0.33282793266326965,0.0,0.0,0.2615329148550898,0.0,0.0,0.0,0.0,0.0,2881,2881,1835541,21312.510019779205,375.2279965709895,7.677998513778123,4891.801829218608,56.79882688536831,6116.8017578125,8688.0,0.33205708223006997,0.33205708223006997,0.0,0.0,0.25099109991848917,0.0,0.0,0.0,0.0,0.0,384,274276,3184.7999968528748,23.34980896860361,16.445530690051054,11746.391602980319,136.3951200258293,2377.5263671875,8688.0,0.31736169912134454,val_loss,0.33205708223006997,0.31736169912134454,116,351482,False
122,0.33302215756690057,0.33302215756690057,0.0,0.0,0.26350903724268027,0.0,0.0,0.0,0.0,0.0,2881,2881,1835541,21312.510015010834,376.3903719224036,7.654287184035476,4876.69488096899,56.623419738814704,6116.8017578125,8688.0,0.32050972114181303,0.32050972114181303,0.0,0.0,0.2748368489137647,0.0,0.0,0.0,0.0,0.0,384,274276,3184.7999968528748,23.37483785301447,16.427921443334355,11733.814015083266,136.249073336017,2377.5263671875,8688.0,0.31736169912134454,val_loss,0.32050972114181303,0.31736169912134454,116,354363,False
123,0.330146381736231,0.330146381736231,0.0,0.0,0.2661472592021654,0.0,0.0,0.0,0.0,0.0,2881,2881,1835541,21312.510045051575,376.4093826506287,7.65390060075642,4876.448581261035,56.62056002688215,6116.8017578125,8688.0,0.3252530837392745,0.3252530837392745,0.0,0.0,0.26173314993047825,0.0,0.0,0.0,0.0,0.0,384,274276,3184.7999968528748,24.28345518372953,15.813235682263567,11294.768307261776,131.1510233101739,2377.5263671875,8688.0,0.31736169912134454,val_loss,0.3252530837392745,0.31736169912134454,116,357244,False
124,0.3268638456838981,0.3268638456838981,0.0,0.0,0.27132291687407273,0.0,0.0,0.0,0.0,0.0,2881,2881,1835541,21312.510030269623,375.29281672276556,7.6766723785396564,4890.956922727199,56.78901668404033,6116.8017578125,8688.0,0.3190603494391932,0.3190603494391932,0.0,0.0,0.27209052903951186,0.0,0.0,0.0,0.0,0.0,384,274276,3184.7999968528748,23.25054232776165,16.515743787253328,11796.542039043474,136.97744990017523,2377.5263671875,8688.0,0.31736169912134454,val_loss,0.3190603494391932,0.31736169912134454,116,360125,False
125,0.33093916384599575,0.33093916384599575,0.0,0.0,0.2771102301456378,0.0,0.0,0.0,0.0,0.0,2881,2881,1835541,21312.510031700134,375.33395288325846,7.6758310242614485,4890.4208795917675,56.78279267830865,6116.8017578125,8688.0,0.3229853232721022,0.3229853232721022,0.0,0.0,0.2663220018936651,0.0,0.0,0.0,0.0,0.0,384,274276,3184.7999968528748,24.25755820609629,15.830117637458455,11306.826419613426,131.29103802593315,2377.5263671875,8688.0,0.31736169912134454,val_loss,0.3229853232721022,0.31736169912134454,116,363006,False
126,0.33252445319444407,0.33252445319444407,0.0,0.0,0.27375511620858833,0.0,0.0,0.0,0.0,0.0,2881,2881,1835541,21312.51002407074,375.1877163890749,7.678822824285544,4892.32701343697,56.80492482320335,6116.8017578125,8688.0,0.3301875208077642,0.3301875208077642,0.0,0.0,0.2558643915599532,0.0,0.0,0.0,0.0,0.0,384,274276,3184.7999968528748,23.704337576404214,16.199566799210686,11570.709331823724,134.35515700818783,2377.5263671875,8688.0,0.31736169912134454,val_loss,0.3301875208077642,0.31736169912134454,116,365887,False
127,0.3313021185875446,0.3313021185875446,0.0,0.0,0.2619348050824747,0.0,0.0,0.0,0.0,0.0,2881,2881,1835541,21312.510026454926,374.6566153187305,7.68970807454996,4899.262217586778,56.88544964920424,6116.8017578125,8688.0,0.3281672068017845,0.3281672068017845,0.0,0.0,0.2692328348657611,0.0,0.0,0.0,0.0,0.0,384,274276,3184.7999968528748,23.79125332646072,16.140385490869193,11528.43846586885,133.8643220326156,2377.5263671875,8688.0,0.31736169912134454,val_loss,0.3281672068017845,0.31736169912134454,116,368768,False
128,0.3290333840052097,0.3290333840052097,0.0,0.0,0.26531497791905057,0.0,0.0,0.0,0.0,0.0,2881,2881,1835541,21312.510013580322,374.0930491909385,7.701292515941741,4906.642889970225,56.97114677664684,6116.8017578125,8688.0,0.3188045149048169,0.3188045149048169,0.0,0.0,0.2709706559338277,0.0,0.0,0.0,0.0,0.0,384,274276,3184.7999968528748,23.53954944945872,16.312971530082958,11651.709842148523,135.2957074939303,2377.5263671875,8688.0,0.31736169912134454,val_loss,0.3188045149048169,0.31736169912134454,116,371649,False
129,0.32852099389219264,0.32852099389219264,0.0,0.0,0.2663116707210437,0.0,0.0,0.0,0.0,0.0,2881,2881,1835541,21312.510050296783,375.48280138522387,7.6727881793026755,4888.482224028258,56.760282952164744,6116.8017578125,8688.0,0.3223050084391919,0.3223050084391919,0.0,0.0,0.2637383709225105,0.0,0.0,0.0,0.0,0.0,384,274276,3184.7999968528748,23.96349324285984,16.02437491513958,11445.576703710476,132.90215932110888,2377.5263671875,8688.0,0.31736169912134454,val_loss,0.3223050084391919,0.31736169912134454,116,374530,False
130,0.3310155807501329,0.3310155807501329,0.0,0.0,0.2633852558342626,0.0,0.0,0.0,0.0,0.0,2881,2881,1835541,21312.51004076004,378.6040098052472,7.609533775096513,4848.181615784251,56.29235160959635,6116.8017578125,8688.0,0.3271056959638372,0.3271056959638372,0.0,0.0,0.25039980265228223,0.0,0.0,0.0,0.0,0.0,384,274276,3184.7999968528748,23.95592699199915,16.029436060990214,11449.191679854563,132.94413519946613,2377.5263671875,8688.0,0.31736169912134454,val_loss,0.3271056959638372,0.31736169912134454,116,377411,False
131,0.3340940440519067,0.3340940440519067,0.0,0.0,0.25705964423079886,0.0,0.0,0.0,0.0,0.0,2881,2881,1835541,21312.510041236877,376.40338277444243,7.654022604059387,4876.526311932583,56.62146254941677,6116.8017578125,8688.0,0.32321799602747586,0.32321799602747586,0.0,0.0,0.26032072838309733,0.0,0.0,0.0,0.0,0.0,384,274276,3184.7999968528748,23.199628617614508,16.55198909987916,11822.430631141815,137.27805946146867,2377.5263671875,8688.0,0.31736169912134454,val_loss,0.32321799602747586,0.31736169912134454,116,380292,False
132,0.33240643400648473,0.33240643400648473,0.0,0.0,0.2605103516756195,0.0,0.0,0.0,0.0,0.0,2881,2881,1835541,21312.51004052162,376.1506650391966,7.6591649776819795,4879.802617944935,56.65950381425156,6116.8017578125,8688.0,0.33273179091823596,0.33273179091823596,0.0,0.0,0.2503481566272967,0.0,0.0,0.0,0.0,0.0,384,274276,3184.7999968528748,23.69372366182506,16.206823607835627,11575.892582975845,134.41534316466146,2377.5263671875,8688.0,0.31736169912134454,val_loss,0.33273179091823596,0.31736169912134454,116,383173,False
133,0.33070130761504607,0.33070130761504607,0.0,0.0,0.25749067261746217,0.0,0.0,0.0,0.0,0.0,2881,2881,1835541,21312.510036468506,376.9255970902741,7.643418282653798,4869.770093009592,56.54301591877332,6116.8017578125,8688.0,0.32087158021022333,0.32087158021022333,0.0,0.0,0.2546207531301358,0.0,0.0,0.0,0.0,0.0,384,274276,3184.7999968528748,23.97723468206823,16.015191288392433,11439.017202643548,132.82599261685002,2377.5263671875,8688.0,0.31736169912134454,val_loss,0.32087158021022333,0.31736169912134454,116,386054,False
134,0.3327950495801134,0.3327950495801134,0.0,0.0,0.25896717208251424,0.0,0.0,0.0,0.0,0.0,2881,2881,1835541,21312.510056495667,375.43688700161874,7.67372652966723,4889.080065252315,56.767224517296235,6116.8017578125,8688.0,0.31863108970962156,0.31863108970962156,0.0,0.0,0.26003656395550934,0.0,0.0,0.0,0.0,0.0,384,274276,3184.7999968528748,23.38761175982654,16.418948798338015,11727.405209929577,136.17465646165215,2377.5263671875,8688.0,0.31736169912134454,val_loss,0.31863108970962156,0.31736169912134454,116,388935,False
135,0.32980953626423887,0.32980953626423887,0.0,0.0,0.2750673642672074,0.0,0.0,0.0,0.0,0.0,2881,2881,1835541,21312.510043621063,375.08218753151596,7.680983250525397,4893.7034629130985,56.820906862793365,6116.8017578125,8688.0,0.3231292548783434,0.3231292548783434,0.0,0.0,0.25925289290717046,0.0,0.0,0.0,0.0,0.0,384,274276,3184.7999968528748,24.155262688174844,15.89715686213532,11354.709884164133,131.84704459504746,2377.5263671875,8688.0,0.31736169912134454,val_loss,0.3231292548783434,0.31736169912134454,116,391816,False
136,0.3301871453386986,0.3301871453386986,0.0,0.0,0.26007548748988807,0.0,0.0,0.0,0.0,0.0,2881,2881,1835541,21312.51000404358,376.4787357971072,7.652490635095617,4875.550264780994,56.61012954402122,6116.8017578125,8688.0,0.3223992136869735,0.3223992136869735,0.0,0.0,0.2577538067577431,0.0,0.0,0.0,0.0,0.0,384,274276,3184.7999968528748,23.913579965010285,16.057821562553936,11469.46632002876,133.17955745282762,2377.5263671875,8688.0,0.31736169912134454,val_loss,0.3223992136869735,0.31736169912134454,116,394697,False
137,0.3322344980327395,0.3322344980327395,0.0,0.0,0.25717618923884983,0.0,0.0,0.0,0.0,0.0,2881,2881,1835541,21312.510040283203,373.97627111151814,7.703697326670488,4908.1750415460165,56.988936696274784,6116.8017578125,8688.0,0.3140748270379845,0.3140748270379845,0.0,0.0,0.2669140782042329,0.0,0.0,0.0,0.0,0.0,384,274276,3184.7999968528748,24.260035183280706,15.828501364443254,11305.67197977614,131.27763306162655,2377.5263671875,8688.0,0.3140748270379845,val_loss,0.3140748270379845,0.3140748270379845,137,397578,True
138,0.331027078696684,0.331027078696684,0.0,0.0,0.25721806336614683,0.0,0.0,0.0,0.0,0.0,2881,2881,1835541,21312.51005268097,374.94468956813216,7.683799984788119,4895.498058964932,56.841743984236956,6116.8017578125,8688.0,0.332048210198991,0.332048210198991,0.0,0.0,0.2506540829781443,0.0,0.0,0.0,0.0,0.0,384,274276,3184.7999968528748,23.95936986245215,16.027132691907077,11447.546474493503,132.92503163215173,2377.5263671875,8688.0,0.3140748270379845,val_loss,0.332048210198991,0.3140748270379845,137,400459,False
139,0.32609057349968457,0.32609057349968457,0.0,0.0,0.2667539104683042,0.0,0.0,0.0,0.0,0.0,2881,2881,1835541,21312.51003217697,375.3775440081954,7.674939660048233,4889.8529741564025,56.77619871611624,6116.8017578125,8688.0,0.3250578621615811,0.3250578621615811,0.0,0.0,0.25271220450546633,0.0,0.0,0.0,0.0,0.0,384,274276,3184.7999968528748,23.579676816239953,16.285210479879392,11631.881222863021,135.065464284032,2377.5263671875,8688.0,0.3140748270379845,val_loss,0.3250578621615811,0.3140748270379845,137,403340,False
140,0.3300264185219431,0.3300264185219431,0.0,0.0,0.2581257396803119,0.0,0.0,0.0,0.0,0.0,2881,2881,1835541,21312.51004934311,374.2521320898086,7.698018936893195,4904.557229241192,56.94693021609503,6116.8017578125,8688.0,0.3263855350087397,0.3263855350087397,0.0,0.0,0.24920914469112176,0.0,0.0,0.0,0.0,0.0,384,274276,3184.7999968528748,23.749871600419283,16.168508464408742,11548.525592667116,134.09756694417877,2377.5263671875,8688.0,0.3140748270379845,val_loss,0.3263855350087397,0.3140748270379845,137,406221,False
141,0.3333013739125885,0.3333013739125885,0.0,0.0,0.25562637284796824,0.0,0.0,0.0,0.0,0.0,2881,2881,1835541,21312.51003551483,375.6975130625069,7.6684031696549235,4885.688449299399,56.727844328234745,6116.8017578125,8688.0,0.3216476325178519,0.3216476325178519,0.0,0.0,0.25499779931002803,0.0,0.0,0.0,0.0,0.0,384,274276,3184.7999968528748,24.258020779117942,15.82981577501818,11306.610811221059,131.2885344543216,2377.5263671875,8688.0,0.3140748270379845,val_loss,0.3216476325178519,0.3140748270379845,137,409102,False
142,0.3257296508548575,0.3257296508548575,0.0,0.0,0.26067626363517316,0.0,0.0,0.0,0.0,0.0,2881,2881,1835541,21312.510050296783,376.22233904339373,7.657705832475045,4878.8729682218245,56.64870965527272,6116.8017578125,8688.0,0.3270068339867673,0.3270068339867673,0.0,0.0,0.25146963943946804,0.0,0.0,0.0,0.0,0.0,384,274276,3184.7999968528748,23.60731074400246,16.266147557597463,11618.265332051047,134.9073611725125,2377.5263671875,8688.0,0.3140748270379845,val_loss,0.3270068339867673,0.3140748270379845,137,411983,False
143,0.3274973038115585,0.3274973038115585,0.0,0.0,0.2609873515084151,0.0,0.0,0.0,0.0,0.0,2881,2881,1835541,21312.510016441345,376.96239420957863,7.642672171692169,4869.294731239159,56.53749642886737,6116.8017578125,8688.0,0.3223359707432489,0.3223359707432489,0.0,0.0,0.24849756835768252,0.0,0.0,0.0,0.0,0.0,384,274276,3184.7999968528748,23.832536118105054,16.11242706596734,11508.468869649108,133.63244184631498,2377.5263671875,8688.0,0.3140748270379845,val_loss,0.3223359707432489,0.3140748270379845,137,414864,False
144,0.3275554467261572,0.3275554467261572,0.0,0.0,0.26324914835229535,0.0,0.0,0.0,0.0,0.0,2881,2881,1835541,21312.510033130646,377.5910366754979,7.629948065943987,4861.187956581358,56.443368520547374,6116.8017578125,8688.0,0.3178574929285484,0.3178574929285484,0.0,0.0,0.2705534610407388,0.0,0.0,0.0,0.0,0.0,384,274276,3184.7999968528748,23.390741873532534,16.416751639438587,11725.835866298587,136.15643377504801,2377.5263671875,8688.0,0.3140748270379845,val_loss,0.3178574929285484,0.3140748270379845,137,417745,False
145,0.32872296748304636,0.32872296748304636,0.0,0.0,0.25805851546450265,0.0,0.0,0.0,0.0,0.0,2881,2881,1835541,21312.510041713715,373.3241269197315,7.717154591027663,4916.748925779073,57.08848827307677,6116.8017578125,8688.0,0.3240991571122625,0.3240991571122625,0.0,0.0,0.25904359878950345,0.0,0.0,0.0,0.0,0.0,384,274276,3184.7999968528748,23.229816608130932,16.530479188784977,11807.06695308122,137.09966163650756,2377.5263671875,8688.0,0.3140748270379845,val_loss,0.3240991571122625,0.3140748270379845,137,420626,False
146,0.32482058613883386,0.32482058613883386,0.0,0.0,0.2632692422066757,0.0,0.0,0.0,0.0,0.0,2881,2881,1835541,21312.510061740875,377.57568167336285,7.63025835570715,4861.385648210016,56.44566399850435,6116.8017578125,8688.0,0.3070893684537926,0.3070893684537926,0.0,0.0,0.27096786665182054,0.0,0.0,0.0,0.0,0.0,384,274276,3184.7999968528748,23.62504401989281,16.253937968397583,11609.54450578181,134.80609789218605,2377.5263671875,8688.0,0.3070893684537926,val_loss,0.3070893684537926,0.3070893684537926,146,423507,True
147,0.3276337082124406,0.3276337082124406,0.0,0.0,0.2595031230470181,0.0,0.0,0.0,0.0,0.0,2881,2881,1835541,21312.510013580322,378.29090010747313,7.615832152403091,4852.194434173593,56.33894446714261,6116.8017578125,8688.0,0.3231898378095745,0.3231898378095745,0.0,0.0,0.25752973324172973,0.0,0.0,0.0,0.0,0.0,384,274276,3184.7999968528748,23.311737835407257,16.472388404126523,11765.575005026578,136.6178711917226,2377.5263671875,8688.0,0.3070893684537926,val_loss,0.3231898378095745,0.3070893684537926,146,426388,False
148,0.3246038778129343,0.3246038778129343,0.0,0.0,0.2758082062324331,0.0,0.0,0.0,0.0,0.0,2881,2881,1835541,21312.510062217712,375.2424815315753,7.677702130742289,4891.612997835763,56.79663447280646,6116.8017578125,8688.0,0.31919305689128424,0.31919305689128424,0.0,0.0,0.2647604173059032,0.0,0.0,0.0,0.0,0.0,384,274276,3184.7999968528748,23.198594143614173,16.5527271878112,11822.95781813569,137.28418097824897,2377.5263671875,8688.0,0.3070893684537926,val_loss,0.31919305689128424,0.3070893684537926,146,429269,False
149,0.3291535121994853,0.3291535121994853,0.0,0.0,0.2579517984847725,0.0,0.0,0.0,0.0,0.0,2881,2881,1835541,21312.510047912598,373.94401374459267,7.704361867302817,4908.598433276945,56.99385272809647,6116.8017578125,8688.0,0.3225929096515756,0.3225929096515756,0.0,0.0,0.2576798680147476,0.0,0.0,0.0,0.0,0.0,384,274276,3184.7999968528748,23.73878368921578,16.176060451422632,11553.919678058317,134.16020123641331,2377.5263671875,8688.0,0.3070893684537926,val_loss,0.3225929096515756,0.3070893684537926,146,432150,False
