pair,metric,diff,ci_low,ci_high,p,p_holm,test
tria_finetuned_bar:tria_released_bar,mel_mae_db,-1.0143426602380645,-1.2588659788994612,-0.8228786860220028,0.0001999600079984003,0.0015996800639872025,sign-flip
tria_finetuned_bar:tria_released_bar,onset_flux_cosine,0.04895703678967762,0.03927503080723995,0.05955061090995009,0.0001999600079984003,0.0015996800639872025,sign-flip
tria_finetuned_bar:tria_released_bar,audio_l1,0.0019146657575177652,0.0002211303022657737,0.0035165204849438116,0.04819036192761448,0.04819036192761448,sign-flip
tria_finetuned_bar:tria_released_bar,mrstft_logmag_l1,-0.010565720712448982,-0.013905028019544043,-0.007165929809408244,0.0001999600079984003,0.0015996800639872025,sign-flip
tria_finetuned_bar:tria_released_bar,onset_f1_30ms,0.014267430821704868,0.005458480995646851,0.02458872601420813,0.0027994401119776045,0.0027994401119776045,sign-flip
tria_finetuned_bar:tria_released_bar,onset_f1_50ms,0.010200422965572888,0.002355812249282311,0.01945592681857659,0.022395520895820836,0.022395520895820836,sign-flip
tria_finetuned_bar:tria_released_bar,onset_precision_30ms,0.019036893914899447,0.009224219402688697,0.029414031803151625,0.0005998800239952009,0.0015996800639872025,sign-flip
tria_finetuned_bar:tria_released_bar,onset_recall_30ms,0.008956637013309615,-0.0012590088121192536,0.02034495986625886,0.10897820435912818,0.10897820435912818,sign-flip
tria_finetuned_bar:tria_released_bar,onset_precision_50ms,0.015072625830112533,0.0058924356646061675,0.024707689921085206,0.001799640071985603,0.003599280143971206,sign-flip
tria_finetuned_bar:tria_released_bar,onset_recall_50ms,0.004698898135984453,-0.004735223144098483,0.015144872989963223,0.39472105578884226,0.39472105578884226,sign-flip
tria_finetuned_bar:tria_released_bar,kad,-6.9179534912109375,-8.315523147583008,-5.691858768463135,0.0001999600079984003,0.0015996800639872025,recording permutation
tria_finetuned_midi:tria_released_midi,mel_mae_db,-1.1483068466186523,-1.329142024575129,-0.9827891688211097,0.0001999600079984003,0.0015996800639872025,sign-flip
tria_finetuned_midi:tria_released_midi,onset_flux_cosine,0.04459324718574645,0.03556271595047174,0.053725322021840355,0.0001999600079984003,0.0015996800639872025,sign-flip
tria_finetuned_midi:tria_released_midi,audio_l1,0.004311367737175547,0.001727411450884901,0.006751435754581963,0.003599280143971206,0.010797840431913617,sign-flip
tria_finetuned_midi:tria_released_midi,mrstft_logmag_l1,-0.014237174466553273,-0.018012331139381433,-0.010630368740020015,0.0001999600079984003,0.0015996800639872025,sign-flip
tria_finetuned_midi:tria_released_midi,onset_f1_30ms,0.021541410694425906,0.012129088881196492,0.03168879373305141,0.0001999600079984003,0.0015996800639872025,sign-flip
tria_finetuned_midi:tria_released_midi,onset_f1_50ms,0.01896833862184932,0.010991307983598125,0.027485277314351998,0.0001999600079984003,0.0015996800639872025,sign-flip
tria_finetuned_midi:tria_released_midi,onset_precision_30ms,0.01391574832238582,0.003270409384238734,0.024305440017928625,0.015196960607878424,0.015196960607878424,sign-flip
tria_finetuned_midi:tria_released_midi,onset_recall_30ms,0.02421141663936331,0.014387039882164394,0.0356427639998625,0.0001999600079984003,0.0015996800639872025,sign-flip
tria_finetuned_midi:tria_released_midi,onset_precision_50ms,0.011212772311745263,0.002120335120526042,0.02044032542177468,0.016196760647870425,0.016196760647870425,sign-flip
tria_finetuned_midi:tria_released_midi,onset_recall_50ms,0.021469085904427723,0.012152629192647414,0.03178169654156123,0.0001999600079984003,0.0015996800639872025,sign-flip
tria_finetuned_midi:tria_released_midi,kad,-8.02457332611084,-9.6273193359375,-6.462536334991455,0.0001999600079984003,0.0015996800639872025,recording permutation
tria_released_midi:tria_released_bar,mel_mae_db,1.9527916412991866,1.6824198401942132,2.234674500113227,0.0001999600079984003,0.0015996800639872025,sign-flip
tria_released_midi:tria_released_bar,onset_flux_cosine,-0.06303787681648751,-0.08243064587154281,-0.04651431453458217,0.0001999600079984003,0.0015996800639872025,sign-flip
tria_released_midi:tria_released_bar,audio_l1,0.0018587165479362871,0.0005181822094259377,0.0030883799478478072,0.014397120575884824,0.028794241151769647,sign-flip
tria_released_midi:tria_released_bar,mrstft_logmag_l1,0.032225210283035426,0.02619587539100738,0.03728525320980636,0.0001999600079984003,0.0015996800639872025,sign-flip
tria_released_midi:tria_released_bar,onset_f1_30ms,-0.08708641867291426,-0.10767192034020306,-0.07105991813508056,0.0001999600079984003,0.0015996800639872025,sign-flip
tria_released_midi:tria_released_bar,onset_f1_50ms,-0.07517905562920381,-0.09187653211138609,-0.061861203053560875,0.0001999600079984003,0.0015996800639872025,sign-flip
tria_released_midi:tria_released_bar,onset_precision_30ms,-0.06452040605584809,-0.08140488866734509,-0.05091741978012011,0.0001999600079984003,0.0015996800639872025,sign-flip
tria_released_midi:tria_released_bar,onset_recall_30ms,-0.0950388521938734,-0.11774329113703472,-0.07624572582364766,0.0001999600079984003,0.0015996800639872025,sign-flip
tria_released_midi:tria_released_bar,onset_precision_50ms,-0.051456690994487624,-0.06504817088393877,-0.04011631638867767,0.0001999600079984003,0.0015996800639872025,sign-flip
tria_released_midi:tria_released_bar,onset_recall_50ms,-0.08345184507387796,-0.10298043003009089,-0.06726561783051305,0.0001999600079984003,0.0015996800639872025,sign-flip
tria_released_midi:tria_released_bar,kad,0.8718967437744141,-0.03267586603760719,1.9358744621276855,0.08338332333533294,0.33353329334133175,recording permutation
tria_finetuned_midi:tria_finetuned_bar,mel_mae_db,1.818827454918599,1.5748647082493172,2.069584003291246,0.0001999600079984003,0.0015996800639872025,sign-flip
tria_finetuned_midi:tria_finetuned_bar,onset_flux_cosine,-0.0674016664204187,-0.08811564685628609,-0.049822481765965806,0.0001999600079984003,0.0015996800639872025,sign-flip
tria_finetuned_midi:tria_finetuned_bar,audio_l1,0.0042554185275940695,0.0020059244526235997,0.006342120907174604,0.0011997600479904018,0.004799040191961607,sign-flip
tria_finetuned_midi:tria_finetuned_bar,mrstft_logmag_l1,0.028553756528931138,0.02319948911656402,0.03362995649550541,0.0001999600079984003,0.0015996800639872025,sign-flip
tria_finetuned_midi:tria_finetuned_bar,onset_f1_30ms,-0.07981243880019323,-0.09992927823119634,-0.06297917055211487,0.0001999600079984003,0.0015996800639872025,sign-flip
tria_finetuned_midi:tria_finetuned_bar,onset_f1_50ms,-0.06641113997292739,-0.0823704062491087,-0.05283134682546007,0.0001999600079984003,0.0015996800639872025,sign-flip
tria_finetuned_midi:tria_finetuned_bar,onset_precision_30ms,-0.06964155164836172,-0.08898402185884835,-0.053561240756709726,0.0001999600079984003,0.0015996800639872025,sign-flip
tria_finetuned_midi:tria_finetuned_bar,onset_recall_30ms,-0.07978407256781966,-0.10248575617283202,-0.06049238435634436,0.0001999600079984003,0.0015996800639872025,sign-flip
tria_finetuned_midi:tria_finetuned_bar,onset_precision_50ms,-0.055316544512854886,-0.06998163397074895,-0.04217821439316431,0.0001999600079984003,0.0015996800639872025,sign-flip
tria_finetuned_midi:tria_finetuned_bar,onset_recall_50ms,-0.06668165730543468,-0.0863185694554642,-0.049146133678183275,0.0001999600079984003,0.0015996800639872025,sign-flip
tria_finetuned_midi:tria_finetuned_bar,kad,-0.23472309112548828,-0.5272510647773743,0.11935798078775406,0.13617276544691062,0.33353329334133175,recording permutation
tria_released_bar:grid_250hz,mel_mae_db,2.8725685726612618,2.388263090728715,3.3335946203708584,0.0001999600079984003,0.0015996800639872025,sign-flip
tria_released_bar:grid_250hz,onset_flux_cosine,-0.16625181807433126,-0.20607309824100997,-0.1275236926900186,0.0001999600079984003,0.0015996800639872025,sign-flip
tria_released_bar:grid_250hz,audio_l1,0.027539099101245884,0.02473002534441705,0.030269368240408438,0.0001999600079984003,0.0015996800639872025,sign-flip
tria_released_bar:grid_250hz,mrstft_logmag_l1,0.06936181419294175,0.059489525828255174,0.07962635230538817,0.0001999600079984003,0.0015996800639872025,sign-flip
tria_released_bar:grid_250hz,onset_f1_30ms,-0.07695991129950658,-0.09852817331367966,-0.05639634946699599,0.0001999600079984003,0.0015996800639872025,sign-flip
tria_released_bar:grid_250hz,onset_f1_50ms,-0.06079497849764046,-0.07908245377368417,-0.04349421916032512,0.0001999600079984003,0.0015996800639872025,sign-flip
tria_released_bar:grid_250hz,onset_precision_30ms,-0.07417357381737143,-0.09372606669908469,-0.056398047493239935,0.0001999600079984003,0.0015996800639872025,sign-flip
tria_released_bar:grid_250hz,onset_recall_30ms,-0.07356026237379641,-0.09835643497326703,-0.04971558636483422,0.0001999600079984003,0.0015996800639872025,sign-flip
tria_released_bar:grid_250hz,onset_precision_50ms,-0.057866546796961495,-0.07423841601557092,-0.04295337690720852,0.0001999600079984003,0.0015996800639872025,sign-flip
tria_released_bar:grid_250hz,onset_recall_50ms,-0.05734524145706458,-0.07994057243050462,-0.036436139413476634,0.0001999600079984003,0.0015996800639872025,sign-flip
tria_released_bar:grid_250hz,kad,7.1594953536987305,5.61929988861084,8.946853637695312,0.0001999600079984003,0.0015996800639872025,recording permutation
tria_released_midi:grid_250hz,mel_mae_db,4.825360213960448,4.374677164345713,5.302479869418612,0.0001999600079984003,0.0015996800639872025,sign-flip
tria_released_midi:grid_250hz,onset_flux_cosine,-0.22928969489081877,-0.261650929523394,-0.19584044136482237,0.0001999600079984003,0.0015996800639872025,sign-flip
tria_released_midi:grid_250hz,audio_l1,0.02939781564918217,0.026389224788338165,0.0323765563008242,0.0001999600079984003,0.0015996800639872025,sign-flip
tria_released_midi:grid_250hz,mrstft_logmag_l1,0.10158702447597717,0.09040738635644574,0.11391614127808197,0.0001999600079984003,0.0015996800639872025,sign-flip
tria_released_midi:grid_250hz,onset_f1_30ms,-0.16404632997242088,-0.19190202231785805,-0.1384484691357622,0.0001999600079984003,0.0015996800639872025,sign-flip
tria_released_midi:grid_250hz,onset_f1_50ms,-0.13597403412684428,-0.16001274709595165,-0.11401284183183158,0.0001999600079984003,0.0015996800639872025,sign-flip
tria_released_midi:grid_250hz,onset_precision_30ms,-0.13869397987321952,-0.16276647463553126,-0.11730613061849769,0.0001999600079984003,0.0015996800639872025,sign-flip
tria_released_midi:grid_250hz,onset_recall_30ms,-0.1685991145676698,-0.20130030177854089,-0.13888419709410332,0.0001999600079984003,0.0015996800639872025,sign-flip
tria_released_midi:grid_250hz,onset_precision_50ms,-0.1093232377914491,-0.12824339769510176,-0.09146368014065084,0.0001999600079984003,0.0015996800639872025,sign-flip
tria_released_midi:grid_250hz,onset_recall_50ms,-0.14079708653094253,-0.16954033257358153,-0.11460131332403586,0.0001999600079984003,0.0015996800639872025,sign-flip
tria_released_midi:grid_250hz,kad,8.031392097473145,6.114086627960205,10.07244873046875,0.0001999600079984003,0.0015996800639872025,recording permutation
tria_finetuned_bar:grid_250hz,mel_mae_db,1.8582259124231972,1.4206806079798455,2.2947526033358394,0.0001999600079984003,0.0015996800639872025,sign-flip
tria_finetuned_bar:grid_250hz,onset_flux_cosine,-0.11729478128465363,-0.1495597572379252,-0.08363115520778984,0.0001999600079984003,0.0015996800639872025,sign-flip
tria_finetuned_bar:grid_250hz,audio_l1,0.02945376485876365,0.025883365372562674,0.032819152085972116,0.0001999600079984003,0.0015996800639872025,sign-flip
tria_finetuned_bar:grid_250hz,mrstft_logmag_l1,0.058796093480492764,0.051725736562984806,0.06647027097624857,0.0001999600079984003,0.0015996800639872025,sign-flip
tria_finetuned_bar:grid_250hz,onset_f1_30ms,-0.0626924804778017,-0.08066349540507667,-0.04627111373585116,0.0001999600079984003,0.0015996800639872025,sign-flip
tria_finetuned_bar:grid_250hz,onset_f1_50ms,-0.050594555532067584,-0.0645107429418994,-0.03663842240763607,0.0001999600079984003,0.0015996800639872025,sign-flip
tria_finetuned_bar:grid_250hz,onset_precision_30ms,-0.05513667990247196,-0.06976966967652787,-0.04013134488785421,0.0001999600079984003,0.0015996800639872025,sign-flip
tria_finetuned_bar:grid_250hz,onset_recall_30ms,-0.06460362536048679,-0.0852457584107539,-0.04573072177020404,0.0001999600079984003,0.0015996800639872025,sign-flip
tria_finetuned_bar:grid_250hz,onset_precision_50ms,-0.04279392096684896,-0.05437720692550154,-0.031241520274217525,0.0001999600079984003,0.0015996800639872025,sign-flip
tria_finetuned_bar:grid_250hz,onset_recall_50ms,-0.05264634332108013,-0.06954252136647035,-0.036598955485411144,0.0001999600079984003,0.0015996800639872025,sign-flip
tria_finetuned_bar:grid_250hz,kad,0.24154186248779297,-0.29544591903686523,0.8286967873573303,0.09018196360727855,0.33353329334133175,recording permutation
tria_finetuned_midi:grid_250hz,mel_mae_db,3.677053367341796,3.255622534758414,4.10385884322528,0.0001999600079984003,0.0015996800639872025,sign-flip
tria_finetuned_midi:grid_250hz,onset_flux_cosine,-0.18469644770507235,-0.21115019889770187,-0.1576726177676504,0.0001999600079984003,0.0015996800639872025,sign-flip
tria_finetuned_midi:grid_250hz,audio_l1,0.03370918338635772,0.02903580518863486,0.03833709893403975,0.0001999600079984003,0.0015996800639872025,sign-flip
tria_finetuned_midi:grid_250hz,mrstft_logmag_l1,0.0873498500094239,0.07809377033964093,0.09682800646211806,0.0001999600079984003,0.0015996800639872025,sign-flip
tria_finetuned_midi:grid_250hz,onset_f1_30ms,-0.14250491927799494,-0.16911509872923045,-0.11818765278157449,0.0001999600079984003,0.0015996800639872025,sign-flip
tria_finetuned_midi:grid_250hz,onset_f1_50ms,-0.11700569550499496,-0.1394935658589331,-0.09721966123125841,0.0001999600079984003,0.0015996800639872025,sign-flip
tria_finetuned_midi:grid_250hz,onset_precision_30ms,-0.12477823155083369,-0.14929932980104912,-0.10305115357794573,0.0001999600079984003,0.0015996800639872025,sign-flip
tria_finetuned_midi:grid_250hz,onset_recall_30ms,-0.14438769792830647,-0.17433528491699243,-0.11736110574555256,0.0001999600079984003,0.0015996800639872025,sign-flip
tria_finetuned_midi:grid_250hz,onset_precision_50ms,-0.09811046547970384,-0.1171611536056309,-0.07986777943094153,0.0001999600079984003,0.0015996800639872025,sign-flip
tria_finetuned_midi:grid_250hz,onset_recall_50ms,-0.11932800062651483,-0.14485574109683866,-0.09647960844986363,0.0001999600079984003,0.0015996800639872025,sign-flip
tria_finetuned_midi:grid_250hz,kad,0.0068187713623046875,-0.5114448070526123,0.6883093118667603,0.9554089182163568,0.9554089182163568,recording permutation
